std_yy,sigun_nm,sigun_cd,emd_nm,regist_animal_cnt,animal_owner_cnt,data_std_de
2024,가평군,41820,가평군,7428,4537,20260520
2023,가평군,41820,가평군,7225,4426,20260520
2022,가평군,41820,가평군,6694,4552,20260520
2021,가평군,41820,가평군,5760,3604,20260520
2020,가평군,41820,가평군,4532,2877,20260520
2026,가평군,41820,가평읍,2082,1337,20260520
2025,가평군,41820,가평읍,1946,1265,20260520
2024,가평군,41820,가평읍,1806,1169,20260520
2023,가평군,41820,가평읍,1758,1143,20260520
2022,가평군,41820,가평읍,1606,1067,20260520
2021,가평군,41820,가평읍,1350,911,20260520
2020,가평군,41820,가평읍,1038,716,20260520
2026,가평군,41820,북면,564,324,20260520
2025,가평군,41820,북면,527,310,20260520
2024,가평군,41820,북면,496,294,20260520
2023,가평군,41820,북면,486,291,20260520
2022,가평군,41820,북면,466,281,20260520
2021,가평군,41820,북면,415,256,20260520
2020,가평군,41820,북면,338,210,20260520
2026,가평군,41820,상면,1012,585,20260520
2025,가평군,41820,상면,955,559,20260520
2024,가평군,41820,상면,910,528,20260520
2023,가평군,41820,상면,876,510,20260520
2022,가평군,41820,상면,812,481,20260520
2021,가평군,41820,상면,665,398,20260520
2020,가평군,41820,상면,484,297,20260520
2026,가평군,41820,설악면,1879,1056,20260520
2025,가평군,41820,설악면,1825,1029,20260520
2024,가평군,41820,설악면,1760,1002,20260520
2023,가평군,41820,설악면,1710,974,20260520
2022,가평군,41820,설악면,1606,918,20260520
2021,가평군,41820,설악면,1413,802,20260520
2020,가평군,41820,설악면,1213,687,20260520
2026,가평군,41820,조종면,998,626,20260520
2025,가평군,41820,조종면,861,523,20260520
2024,가평군,41820,조종면,928,576,20260520
2023,가평군,41820,조종면,899,556,20260520
2022,가평군,41820,조종면,700,432,20260520
2021,가평군,41820,조종면,559,352,20260520
2020,가평군,41820,조종면,379,245,20260520
2026,가평군,41820,청평면,1706,1063,20260520
2025,가평군,41820,청평면,1615,1019,20260520
2024,가평군,41820,청평면,1528,968,20260520
2023,가평군,41820,청평면,1496,952,20260520
2022,가평군,41820,청평면,1504,1373,20260520
2021,가평군,41820,청평면,1358,885,20260520
2020,가평군,41820,청평면,1080,722,20260520
2025,가평군,41820,하면,113,72,20260520
2025,가평군,41820,합계,7842,4777,20260520
2023,고양시,41280,가좌동,1469,1001,20230909
2022,고양시,41280,가좌동,118,79,20230909
2021,고양시,41280,가좌동,268,208,20230909
2020,고양시,41280,가좌동,98,69,20230909
2023,고양시,41280,강매동,62,29,20230909
2021,고양시,41280,강매동,29,8,20230909
2020,고양시,41280,강매동,2,2,20230909
2023,고양시,41280,고양동,1744,1287,20230909
2022,고양시,41280,고양동,187,161,20230909
2021,고양시,41280,고양동,268,231,20230909
2020,고양시,41280,고양동,152,138,20230909
2023,고양시,41280,관산동,1348,961,20230909
2022,고양시,41280,관산동,130,108,20230909
2021,고양시,41280,관산동,244,197,20230909
2020,고양시,41280,관산동,118,88,20230909
2023,고양시,41280,구산동,164,97,20230909
2022,고양시,41280,구산동,21,14,20230909
2021,고양시,41280,구산동,22,18,20230909
2020,고양시,41280,구산동,8,8,20230909
2023,고양시,41280,내곡동,89,58,20230909
2022,고양시,41280,내곡동,8,6,20230909
2021,고양시,41280,내곡동,20,16,20230909
2020,고양시,41280,내곡동,6,4,20230909
2023,고양시,41280,내유동,1406,949,20230909
2022,고양시,41280,내유동,179,148,20230909
2021,고양시,41280,내유동,285,220,20230909
2020,고양시,41280,내유동,129,110,20230909
2023,고양시,41280,대자동,189,128,20230909
2022,고양시,41280,대자동,17,13,20230909
2021,고양시,41280,대자동,40,33,20230909
2020,고양시,41280,대자동,21,19,20230909
2023,고양시,41280,대장동,117,88,20230909
2022,고양시,41280,대장동,14,14,20230909
2021,고양시,41280,대장동,27,18,20230909
2020,고양시,41280,대장동,8,8,20230909
2023,고양시,41280,대화동,4428,3207,20230909
2022,고양시,41280,대화동,499,326,20230909
2021,고양시,41280,대화동,702,601,20230909
2020,고양시,41280,대화동,322,284,20230909
2023,고양시,41280,덕은동,243,166,20230909
2022,고양시,41280,덕은동,25,21,20230909
2021,고양시,41280,덕은동,21,20,20230909
2020,고양시,41280,덕은동,25,19,20230909
2023,고양시,41280,덕이동,2774,1828,20230909
2022,고양시,41280,덕이동,298,235,20230909
2021,고양시,41280,덕이동,566,424,20230909
2020,고양시,41280,덕이동,257,203,20230909
2023,고양시,41280,도내동,1209,918,20230909
2022,고양시,41280,도내동,161,143,20230909
2021,고양시,41280,도내동,256,232,20230909
2020,고양시,41280,도내동,114,105,20230909
2023,고양시,41280,동산동,1457,816,20230909
2022,고양시,41280,동산동,153,131,20230909
2021,고양시,41280,동산동,251,223,20230909
2020,고양시,41280,동산동,114,100,20230909
2023,고양시,41280,마두동,3060,2417,20230909
2022,고양시,41280,마두동,202,184,20230909
2021,고양시,41280,마두동,402,363,20230909
2020,고양시,41280,마두동,173,156,20230909
2023,고양시,41280,문봉동,160,105,20230909
2022,고양시,41280,문봉동,17,17,20230909
2021,고양시,41280,문봉동,37,20,20230909
2020,고양시,41280,문봉동,11,10,20230909
2023,고양시,41280,백석동,4708,3452,20230909
2022,고양시,41280,백석동,404,340,20230909
2021,고양시,41280,백석동,698,580,20230909
2020,고양시,41280,백석동,312,265,20230909
2023,고양시,41280,법곳동,140,91,20230909
2022,고양시,41280,법곳동,23,15,20230909
2021,고양시,41280,법곳동,33,21,20230909
2020,고양시,41280,법곳동,10,8,20230909
2023,고양시,41280,벽제동,289,157,20230909
2022,고양시,41280,벽제동,29,26,20230909
2021,고양시,41280,벽제동,70,38,20230909
2020,고양시,41280,벽제동,46,13,20230909
2023,고양시,41280,북한동,6,4,20230909
2022,고양시,41280,북한동,1,1,20230909
2023,고양시,41280,사리현동,582,387,20230909
2022,고양시,41280,사리현동,68,55,20230909
2021,고양시,41280,사리현동,96,70,20230909
2020,고양시,41280,사리현동,43,39,20230909
2023,고양시,41280,산황동,35,26,20230909
2022,고양시,41280,산황동,4,3,20230909
2021,고양시,41280,산황동,3,3,20230909
2020,고양시,41280,산황동,4,3,20230909
2023,고양시,41280,삼송동,1539,1072,20230909
2022,고양시,41280,삼송동,202,152,20230909
2021,고양시,41280,삼송동,331,278,20230909
2020,고양시,41280,삼송동,152,130,20230909
2023,고양시,41280,선유동,85,23,20230909
2022,고양시,41280,선유동,4,4,20230909
2021,고양시,41280,선유동,14,4,20230909
2020,고양시,41280,선유동,29,2,20230909
2023,고양시,41280,설문동,312,171,20230909
2022,고양시,41280,설문동,32,27,20230909
2021,고양시,41280,설문동,47,42,20230909
2020,고양시,41280,설문동,11,8,20230909
2023,고양시,41280,성사동,2239,1641,20230909
2022,고양시,41280,성사동,239,150,20230909
2021,고양시,41280,성사동,341,295,20230909
2020,고양시,41280,성사동,153,139,20230909
2023,고양시,41280,성석동,1189,719,20230909
2022,고양시,41280,성석동,136,97,20230909
2021,고양시,41280,성석동,216,176,20230909
2020,고양시,41280,성석동,103,81,20230909
2023,고양시,41280,식사동,3318,2506,20230909
2022,고양시,41280,식사동,382,341,20230909
2021,고양시,41280,식사동,542,480,20230909
2020,고양시,41280,식사동,267,231,20230909
2023,고양시,41280,신원동,1295,972,20230909
2022,고양시,41280,신원동,123,107,20230909
2021,고양시,41280,신원동,279,246,20230909
2020,고양시,41280,신원동,112,103,20230909
2023,고양시,41280,신평동,19,9,20230909
2022,고양시,41280,신평동,1,1,20230909
2020,고양시,41280,신평동,2,1,20230909
2023,고양시,41280,오금동,178,123,20230909
2022,고양시,41280,오금동,40,36,20230909
2021,고양시,41280,오금동,50,41,20230909
2020,고양시,41280,오금동,14,13,20230909
2023,고양시,41280,용두동,157,93,20230909
2022,고양시,41280,용두동,11,8,20230909
2021,고양시,41280,용두동,39,22,20230909
2020,고양시,41280,용두동,13,11,20230909
2023,고양시,41280,원당동,154,93,20230909
2022,고양시,41280,원당동,34,21,20230909
2021,고양시,41280,원당동,35,21,20230909
2020,고양시,41280,원당동,18,17,20230909
2023,고양시,41280,원흥동,1446,1053,20230909
2022,고양시,41280,원흥동,201,179,20230909
2021,고양시,41280,원흥동,314,263,20230909
2020,고양시,41280,원흥동,138,111,20230909
2023,고양시,41280,일산동,5283,4208,20230909
2022,고양시,41280,일산동,404,356,20230909
2021,고양시,41280,일산동,756,670,20230909
2020,고양시,41280,일산동,427,369,20230909
2023,고양시,41280,장항동,4461,2889,20230909
2022,고양시,41280,장항동,559,391,20230909
2021,고양시,41280,장항동,809,564,20230909
2020,고양시,41280,장항동,382,262,20230909
2023,고양시,41280,정발산동,2173,1596,20230909
2022,고양시,41280,정발산동,191,162,20230909
2021,고양시,41280,정발산동,288,240,20230909
2020,고양시,41280,정발산동,134,114,20230909
2023,고양시,41280,주교동,1429,1057,20230909
2022,고양시,41280,주교동,130,109,20230909
2021,고양시,41280,주교동,247,199,20230909
2020,고양시,41280,주교동,75,68,20230909
2023,고양시,41280,주엽동,3916,3097,20230909
2022,고양시,41280,주엽동,324,268,20230909
2021,고양시,41280,주엽동,515,447,20230909
2020,고양시,41280,주엽동,265,236,20230909
2023,고양시,41280,중산동,3458,2618,20230909
2022,고양시,41280,중산동,291,241,20230909
2021,고양시,41280,중산동,533,473,20230909
2020,고양시,41280,중산동,241,209,20230909
2023,고양시,41280,지영동,62,44,20230909
2022,고양시,41280,지영동,8,6,20230909
2021,고양시,41280,지영동,16,13,20230909
2020,고양시,41280,지영동,8,6,20230909
2023,고양시,41280,지축동,649,460,20230909
2022,고양시,41280,지축동,123,104,20230909
2021,고양시,41280,지축동,158,118,20230909
2020,고양시,41280,지축동,71,61,20230909
2023,고양시,41280,탄현동,3950,3067,20230909
2022,고양시,41280,탄현동,338,301,20230909
2021,고양시,41280,탄현동,635,554,20230909
2020,고양시,41280,탄현동,307,273,20230909
2023,고양시,41280,토당동,2824,1723,20230909
2022,고양시,41280,토당동,279,158,20230909
2021,고양시,41280,토당동,508,319,20230909
2020,고양시,41280,토당동,284,118,20230909
2023,고양시,41280,풍동,2954,2268,20230909
2022,고양시,41280,풍동,204,177,20230909
2021,고양시,41280,풍동,447,388,20230909
2020,고양시,41280,풍동,187,167,20230909
2023,고양시,41280,합계,80945,59256,20230909
2023,고양시,41280,행신동,6193,4948,20230909
2022,고양시,41280,행신동,488,443,20230909
2021,고양시,41280,행신동,991,875,20230909
2020,고양시,41280,행신동,466,421,20230909
2023,고양시,41280,행주내동,87,65,20230909
2022,고양시,41280,행주내동,9,7,20230909
2021,고양시,41280,행주내동,18,17,20230909
2020,고양시,41280,행주내동,4,3,20230909
2023,고양시,41280,행주외동,55,35,20230909
2022,고양시,41280,행주외동,7,6,20230909
2021,고양시,41280,행주외동,8,7,20230909
2023,고양시,41280,향동동,813,608,20230909
2022,고양시,41280,향동동,159,144,20230909
2021,고양시,41280,향동동,221,197,20230909
2020,고양시,41280,향동동,104,94,20230909
2023,고양시,41280,현천동,129,72,20230909
2022,고양시,41280,현천동,6,4,20230909
2021,고양시,41280,현천동,29,17,20230909
2020,고양시,41280,현천동,6,6,20230909
2023,고양시,41280,화전동,256,164,20230909
2022,고양시,41280,화전동,21,17,20230909
2021,고양시,41280,화전동,41,33,20230909
2020,고양시,41280,화전동,30,25,20230909
2023,고양시,41280,화정동,4605,3666,20230909
2022,고양시,41280,화정동,421,358,20230909
2021,고양시,41280,화정동,565,509,20230909
2020,고양시,41280,화정동,322,284,20230909
2023,고양시,41280,효자동,38,24,20230909
2022,고양시,41280,효자동,8,6,20230909
2021,고양시,41280,효자동,9,5,20230909
2020,고양시,41280,효자동,3,2,20230909
2023,과천시,41290,갈현동,192,128,20250905
2022,과천시,41290,갈현동,27,24,20250905
2021,과천시,41290,갈현동,19,17,20250905
2020,과천시,41290,갈현동,7,6,20250905
2023,과천시,41290,과천동,288,181,20250905
2022,과천시,41290,과천동,16,12,20250905
2021,과천시,41290,과천동,93,67,20250905
2020,과천시,41290,과천동,32,24,20250905
2023,과천시,41290,관문동,2,2,20250905
2021,과천시,41290,관문동,1,1,20250905
2020,과천시,41290,관문동,1,1,20250905
2023,과천시,41290,막계동,8,4,20250905
2021,과천시,41290,막계동,4,3,20250905
2023,과천시,41290,문원동,236,152,20250905
2022,과천시,41290,문원동,32,27,20250905
2021,과천시,41290,문원동,62,55,20250905
2020,과천시,41290,문원동,37,33,20250905
2023,과천시,41290,별양동,462,294,20250905
2022,과천시,41290,별양동,69,58,20250905
2021,과천시,41290,별양동,127,113,20250905
2020,과천시,41290,별양동,41,40,20250905
2023,과천시,41290,부림동,352,216,20250905
2022,과천시,41290,부림동,51,43,20250905
2021,과천시,41290,부림동,106,94,20250905
2020,과천시,41290,부림동,29,27,20250905
2023,과천시,41290,원문동,375,233,20250905
2022,과천시,41290,원문동,51,50,20250905
2021,과천시,41290,원문동,91,83,20250905
2020,과천시,41290,원문동,40,32,20250905
2023,과천시,41290,주암동,125,85,20250905
2022,과천시,41290,주암동,16,12,20250905
2021,과천시,41290,주암동,51,39,20250905
2020,과천시,41290,주암동,15,13,20250905
2023,과천시,41290,중앙동,442,264,20250905
2022,과천시,41290,중앙동,64,40,20250905
2021,과천시,41290,중앙동,120,87,20250905
2020,과천시,41290,중앙동,47,33,20250905
2025,광명시,41210,가학동,106,70,20250527
2025,광명시,41210,광명동,6024,4712,20250527
2025,광명시,41210,노온사동,112,71,20250527
2025,광명시,41210,소하동,4583,3620,20250527
2025,광명시,41210,옥길동,38,30,20250527
2025,광명시,41210,일직동,1183,906,20250527
2025,광명시,41210,철산동,4662,3765,20250527
2025,광명시,41210,하안동,4939,3915,20250527
2025,광명시,41210,합계,21647,17089,20250527
2024,광주시,41610,경안동,1224,864,20250721
2023,광주시,41610,경안동,122,102,20250721
2022,광주시,41610,경안동,122,102,20250721
2021,광주시,41610,경안동,169,119,20250721
2020,광주시,41610,경안동,116,92,20250721
2024,광주시,41610,고산동,281,177,20250721
2023,광주시,41610,고산동,16,15,20250721
2022,광주시,41610,고산동,16,15,20250721
2021,광주시,41610,고산동,5,5,20250721
2020,광주시,41610,고산동,3,3,20250721
2024,광주시,41610,곤지암읍,2034,1308,20250721
2023,광주시,41610,곤지암읍,203,160,20250721
2022,광주시,41610,곤지암읍,203,160,20250721
2021,광주시,41610,곤지암읍,341,262,20250721
2020,광주시,41610,곤지암읍,164,141,20250721
2024,광주시,41610,남종면,148,75,20250721
2023,광주시,41610,남종면,19,16,20250721
2022,광주시,41610,남종면,19,16,20250721
2021,광주시,41610,남종면,30,19,20250721
2020,광주시,41610,남종면,8,7,20250721
2024,광주시,41610,남한산성면,242,121,20250721
2023,광주시,41610,남한산성면,22,15,20250721
2022,광주시,41610,남한산성면,22,15,20250721
2021,광주시,41610,남한산성면,56,29,20250721
2020,광주시,41610,남한산성면,41,23,20250721
2024,광주시,41610,능평동,599,362,20250721
2023,광주시,41610,능평동,66,58,20250721
2022,광주시,41610,능평동,66,58,20250721
2021,광주시,41610,능평동,29,18,20250721
2020,광주시,41610,능평동,14,12,20250721
2024,광주시,41610,도척면,1106,519,20250721
2023,광주시,41610,도척면,98,78,20250721
2022,광주시,41610,도척면,98,78,20250721
2021,광주시,41610,도척면,146,110,20250721
2020,광주시,41610,도척면,70,52,20250721
2024,광주시,41610,매산동,128,82,20250721
2023,광주시,41610,매산동,18,15,20250721
2022,광주시,41610,매산동,18,15,20250721
2021,광주시,41610,매산동,2,2,20250721
2020,광주시,41610,매산동,4,3,20250721
2024,광주시,41610,목동,135,87,20250721
2023,광주시,41610,목동,9,9,20250721
2022,광주시,41610,목동,9,9,20250721
2021,광주시,41610,목동,20,16,20250721
2020,광주시,41610,목동,9,7,20250721
2024,광주시,41610,목현동,1358,923,20250721
2023,광주시,41610,목현동,98,81,20250721
2022,광주시,41610,목현동,98,81,20250721
2021,광주시,41610,목현동,194,164,20250721
2020,광주시,41610,목현동,92,81,20250721
2024,광주시,41610,문형동,210,128,20250721
2023,광주시,41610,문형동,29,27,20250721
2022,광주시,41610,문형동,29,27,20250721
2021,광주시,41610,문형동,8,7,20250721
2020,광주시,41610,문형동,4,4,20250721
2024,광주시,41610,삼동,650,455,20250721
2023,광주시,41610,삼동,59,54,20250721
2022,광주시,41610,삼동,59,54,20250721
2021,광주시,41610,삼동,102,86,20250721
2020,광주시,41610,삼동,72,63,20250721
2024,광주시,41610,송정동,1888,1369,20250721
2023,광주시,41610,송정동,136,121,20250721
2022,광주시,41610,송정동,136,121,20250721
2021,광주시,41610,송정동,262,218,20250721
2020,광주시,41610,송정동,172,153,20250721
2024,광주시,41610,신현동,1001,601,20250721
2023,광주시,41610,신현동,94,82,20250721
2022,광주시,41610,신현동,94,82,20250721
2021,광주시,41610,신현동,35,25,20250721
2020,광주시,41610,신현동,17,15,20250721
2024,광주시,41610,쌍령동,1313,977,20250721
2023,광주시,41610,쌍령동,121,105,20250721
2022,광주시,41610,쌍령동,121,105,20250721
2021,광주시,41610,쌍령동,167,148,20250721
2020,광주시,41610,쌍령동,89,84,20250721
2024,광주시,41610,양벌동,500,342,20250721
2023,광주시,41610,양벌동,81,65,20250721
2022,광주시,41610,양벌동,81,65,20250721
2021,광주시,41610,양벌동,11,8,20250721
2020,광주시,41610,양벌동,5,5,20250721
2024,광주시,41610,역동,764,589,20250721
2023,광주시,41610,역동,89,75,20250721
2022,광주시,41610,역동,89,75,20250721
2021,광주시,41610,역동,89,81,20250721
2020,광주시,41610,역동,64,61,20250721
2024,광주시,41610,오포읍,8536,5927,20250721
2023,광주시,41610,오포읍,619,542,20250721
2022,광주시,41610,오포읍,619,542,20250721
2021,광주시,41610,오포읍,1699,1421,20250721
2020,광주시,41610,오포읍,1005,862,20250721
2024,광주시,41610,장지동,1040,724,20250721
2023,광주시,41610,장지동,111,98,20250721
2022,광주시,41610,장지동,111,98,20250721
2021,광주시,41610,장지동,150,124,20250721
2020,광주시,41610,장지동,81,68,20250721
2024,광주시,41610,중대동,366,264,20250721
2023,광주시,41610,중대동,22,20,20250721
2022,광주시,41610,중대동,22,20,20250721
2021,광주시,41610,중대동,48,43,20250721
2020,광주시,41610,중대동,32,27,20250721
2024,광주시,41610,중부면,41,16,20250721
2023,광주시,41610,중부면,571,288,20250721
2022,광주시,41610,중부면,571,288,20250721
2021,광주시,41610,중부면,1078,486,20250721
2020,광주시,41610,중부면,3,1,20250721
2024,광주시,41610,직동,80,43,20250721
2023,광주시,41610,직동,8,8,20250721
2022,광주시,41610,직동,8,8,20250721
2021,광주시,41610,직동,7,7,20250721
2020,광주시,41610,직동,5,5,20250721
2024,광주시,41610,초월읍,4163,2761,20250721
2023,광주시,41610,초월읍,11,11,20250721
2022,광주시,41610,초월읍,11,11,20250721
2021,광주시,41610,초월읍,3,3,20250721
2020,광주시,41610,초월읍,707,269,20250721
2024,광주시,41610,탄벌동,1327,974,20250721
2023,광주시,41610,탄벌동,119,104,20250721
2022,광주시,41610,탄벌동,119,104,20250721
2021,광주시,41610,탄벌동,167,147,20250721
2020,광주시,41610,탄벌동,103,90,20250721
2024,광주시,41610,태전동,2695,1987,20250721
2023,광주시,41610,태전동,237,216,20250721
2022,광주시,41610,태전동,237,216,20250721
2021,광주시,41610,태전동,428,375,20250721
2020,광주시,41610,태전동,265,239,20250721
2024,광주시,41610,퇴촌면,1700,1019,20250721
2023,광주시,41610,퇴촌면,183,136,20250721
2022,광주시,41610,퇴촌면,183,136,20250721
2021,광주시,41610,퇴촌면,340,265,20250721
2020,광주시,41610,퇴촌면,87,77,20250721
2024,광주시,41610,회덕동,1118,736,20250721
2023,광주시,41610,회덕동,95,80,20250721
2022,광주시,41610,회덕동,95,80,20250721
2021,광주시,41610,회덕동,136,118,20250721
2020,광주시,41610,회덕동,83,68,20250721
2025,구리시,41310,,766,688,20251103
2025,군포시,41410,금정동,4049,3018,20250516
2025,군포시,41410,당동,3993,3051,20250516
2025,군포시,41410,당정동,1013,755,20250516
2025,군포시,41410,대야미동,607,468,20250516
2025,군포시,41410,도마교동,634,485,20250516
2025,군포시,41410,둔대동,31,16,20250516
2025,군포시,41410,부곡동,1009,792,20250516
2025,군포시,41410,산본동,7697,5985,20250516
2025,군포시,41410,속달동,38,26,20250516
2022,김포시,41570,감정동,124,111,20230908
2021,김포시,41570,감정동,252,215,20230908
2020,김포시,41570,감정동,109,96,20230908
2022,김포시,41570,걸포동,102,90,20230908
2021,김포시,41570,걸포동,184,162,20230908
2020,김포시,41570,걸포동,58,55,20230908
2022,김포시,41570,고촌읍,298,267,20230908
2021,김포시,41570,고촌읍,520,360,20230908
2020,김포시,41570,고촌읍,181,163,20230908
2022,김포시,41570,구래동,439,386,20230908
2021,김포시,41570,구래동,696,626,20230908
2020,김포시,41570,구래동,255,222,20230908
2022,김포시,41570,대곶면,117,87,20230908
2021,김포시,41570,대곶면,181,104,20230908
2020,김포시,41570,대곶면,114,36,20230908
2022,김포시,41570,마산동,259,226,20230908
2021,김포시,41570,마산동,512,436,20230908
2020,김포시,41570,마산동,194,170,20230908
2022,김포시,41570,북변동,78,69,20230908
2021,김포시,41570,북변동,155,133,20230908
2020,김포시,41570,북변동,65,53,20230908
2022,김포시,41570,사우동,98,87,20230908
2021,김포시,41570,사우동,225,185,20230908
2020,김포시,41570,사우동,84,76,20230908
2022,김포시,41570,양촌읍,273,218,20230908
2021,김포시,41570,양촌읍,452,362,20230908
2020,김포시,41570,양촌읍,163,137,20230908
2022,김포시,41570,운양동,402,367,20230908
2021,김포시,41570,운양동,601,539,20230908
2020,김포시,41570,운양동,218,208,20230908
2022,김포시,41570,월곶면,80,62,20230908
2021,김포시,41570,월곶면,124,91,20230908
2020,김포시,41570,월곶면,33,26,20230908
2022,김포시,41570,장기동,688,612,20230908
2021,김포시,41570,장기동,918,840,20230908
2020,김포시,41570,장기동,353,332,20230908
2022,김포시,41570,통진읍,315,261,20230908
2021,김포시,41570,통진읍,413,335,20230908
2020,김포시,41570,통진읍,186,159,20230908
2022,김포시,41570,풍무동,345,328,20230908
2021,김포시,41570,풍무동,707,630,20230908
2020,김포시,41570,풍무동,224,218,20230908
2022,김포시,41570,하성면,92,70,20230908
2021,김포시,41570,하성면,151,103,20230908
2020,김포시,41570,하성면,55,37,20230908
2025,남양주시,41360,금곡동,1723,1272,20250425
2025,남양주시,41360,다산1동,7474,5519,20250425
2025,남양주시,41360,다산2동,1416,1147,20250425
2025,남양주시,41360,별내동,6589,4831,20250425
2025,남양주시,41360,별내면,1499,1001,20250425
2025,남양주시,41360,수동면,1326,682,20250425
2025,남양주시,41360,양정동,427,236,20250425
2025,남양주시,41360,오남읍,5562,4016,20250425
2025,남양주시,41360,와부읍,5257,3760,20250425
2025,남양주시,41360,조안면,447,270,20250425
2025,남양주시,41360,진건읍,2029,1438,20250425
2025,남양주시,41360,진접읍,8269,5857,20250425
2025,남양주시,41360,퇴계원읍,1988,1488,20250425
2025,남양주시,41360,평내동,3455,2597,20250425
2025,남양주시,41360,호평동,4765,3426,20250425
2025,남양주시,41360,화도읍,12177,7594,20250425
2025,동두천시,41250,걸산동,14,5,20250527
2025,동두천시,41250,광암동,155,88,20250527
2025,동두천시,41250,동두천동,567,353,20250527
2025,동두천시,41250,보산동,348,204,20250527
2025,동두천시,41250,상봉암동,259,149,20250527
2025,동두천시,41250,상패동,570,335,20250527
2025,동두천시,41250,생연동,3567,2340,20250527
2025,동두천시,41250,송내동,1031,727,20250527
2025,동두천시,41250,안흥동,107,38,20250527
2025,동두천시,41250,지행동,2305,1700,20250527
2025,동두천시,41250,탑동동,114,63,20250527
2025,동두천시,41250,하봉암동,99,47,20250527
2025,동두천시,41250,합계,9136,6049,20250527
2024,부천시,41190,계수동,11,11,20250526
2023,부천시,41190,계수동,3,3,20250526
2023,부천시,41190,계수동,21,21,20250526
2024,부천시,41190,고강동,2,2,20250526
2024,부천시,41190,고강동,226,198,20250526
2023,부천시,41190,고강동,28,23,20250526
2023,부천시,41190,고강동,207,186,20250526
2024,부천시,41190,괴안동,175,159,20250526
2024,부천시,41190,괴안동,1,1,20250526
2023,부천시,41190,괴안동,27,22,20250526
2023,부천시,41190,괴안동,143,129,20250526
2024,부천시,41190,내동,52,46,20250526
2024,부천시,41190,내동,2,2,20250526
2023,부천시,41190,내동,42,39,20250526
2023,부천시,41190,내동,8,8,20250526
2023,부천시,41190,대장동,1,1,20250526
2024,부천시,41190,도당동,102,91,20250526
2024,부천시,41190,도당동,1,1,20250526
2023,부천시,41190,도당동,17,13,20250526
2023,부천시,41190,도당동,119,94,20250526
2024,부천시,41190,범박동,84,80,20250526
2024,부천시,41190,범박동,1,1,20250526
2023,부천시,41190,범박동,61,57,20250526
2023,부천시,41190,범박동,5,5,20250526
2024,부천시,41190,삼정동,1,1,20250526
2024,부천시,41190,삼정동,46,39,20250526
2023,부천시,41190,삼정동,6,6,20250526
2023,부천시,41190,삼정동,46,39,20250526
2024,부천시,41190,상동,363,322,20250526
2024,부천시,41190,상동,5,4,20250526
2023,부천시,41190,상동,337,307,20250526
2023,부천시,41190,상동,53,42,20250526
2024,부천시,41190,소사동,23,21,20250526
2023,부천시,41190,소사동,4,3,20250526
2023,부천시,41190,소사동,26,23,20250526
2024,부천시,41190,소사본동,12,10,20250526
2024,부천시,41190,소사본동,278,245,20250526
2023,부천시,41190,소사본동,268,240,20250526
2023,부천시,41190,소사본동,48,39,20250526
2024,부천시,41190,송내동,208,166,20250526
2024,부천시,41190,송내동,3,2,20250526
2023,부천시,41190,송내동,25,17,20250526
2023,부천시,41190,송내동,194,171,20250526
2024,부천시,41190,심곡동,7,6,20250526
2024,부천시,41190,심곡동,314,267,20250526
2023,부천시,41190,심곡동,49,41,20250526
2023,부천시,41190,심곡동,295,259,20250526
2024,부천시,41190,심곡본동,160,142,20250526
2024,부천시,41190,심곡본동,2,2,20250526
2023,부천시,41190,심곡본동,179,156,20250526
2023,부천시,41190,심곡본동,30,24,20250526
2024,부천시,41190,약대동,2,2,20250526
2024,부천시,41190,약대동,74,65,20250526
2023,부천시,41190,약대동,72,66,20250526
2023,부천시,41190,약대동,10,9,20250526
2024,부천시,41190,여월동,79,73,20250526
2024,부천시,41190,여월동,3,3,20250526
2023,부천시,41190,여월동,13,10,20250526
2023,부천시,41190,여월동,95,80,20250526
2024,부천시,41190,역곡동,0,7,20250526
2024,부천시,41190,역곡동,112,102,20250526
2023,부천시,41190,역곡동,24,21,20250526
2023,부천시,41190,역곡동,136,117,20250526
2024,부천시,41190,오정동,88,75,20250526
2024,부천시,41190,오정동,1,1,20250526
2023,부천시,41190,오정동,10,5,20250526
2023,부천시,41190,오정동,120,108,20250526
2024,부천시,41190,옥길동,2,2,20250526
2024,부천시,41190,옥길동,123,108,20250526
2023,부천시,41190,옥길동,113,107,20250526
2023,부천시,41190,옥길동,11,10,20250526
2024,부천시,41190,원미동,141,120,20250526
2024,부천시,41190,원미동,7,5,20250526
2023,부천시,41190,원미동,29,21,20250526
2023,부천시,41190,원미동,159,144,20250526
2024,부천시,41190,원종동,228,202,20250526
2024,부천시,41190,원종동,6,6,20250526
2023,부천시,41190,원종동,39,33,20250526
2023,부천시,41190,원종동,259,226,20250526
2024,부천시,41190,작동,36,34,20250526
2023,부천시,41190,작동,6,4,20250526
2023,부천시,41190,작동,42,39,20250526
2024,부천시,41190,중동,555,489,20250526
2024,부천시,41190,중동,13,11,20250526
2023,부천시,41190,중동,77,64,20250526
2023,부천시,41190,중동,643,573,20250526
2024,부천시,41190,춘의동,55,50,20250526
2023,부천시,41190,춘의동,15,11,20250526
2023,부천시,41190,춘의동,45,44,20250526
2022,성남시,41130,갈현동,2,2,20230905
2021,성남시,41130,갈현동,4,4,20230905
2020,성남시,41130,갈현동,1,1,20230905
2023,성남시,41130,고등동,25,23,20230905
2022,성남시,41130,고등동,49,47,20230905
2021,성남시,41130,고등동,88,78,20230905
2020,성남시,41130,고등동,47,40,20230905
2023,성남시,41130,구미동,77,69,20230905
2022,성남시,41130,구미동,203,189,20230905
2021,성남시,41130,구미동,368,320,20230905
2020,성남시,41130,구미동,209,185,20230905
2023,성남시,41130,궁내동,5,4,20230905
2022,성남시,41130,궁내동,12,12,20230905
2021,성남시,41130,궁내동,40,33,20230905
2020,성남시,41130,궁내동,18,17,20230905
2023,성남시,41130,금곡동,66,61,20230905
2022,성남시,41130,금곡동,118,108,20230905
2021,성남시,41130,금곡동,202,185,20230905
2020,성남시,41130,금곡동,155,134,20230905
2023,성남시,41130,금광동,87,79,20230905
2022,성남시,41130,금광동,136,120,20230905
2021,성남시,41130,금광동,282,245,20230905
2020,성남시,41130,금광동,156,145,20230905
2023,성남시,41130,금토동,1,1,20230905
2022,성남시,41130,금토동,4,4,20230905
2021,성남시,41130,금토동,17,11,20230905
2020,성남시,41130,금토동,1,1,20230905
2023,성남시,41130,단대동,38,35,20230905
2022,성남시,41130,단대동,83,73,20230905
2021,성남시,41130,단대동,135,119,20230905
2020,성남시,41130,단대동,73,69,20230905
2023,성남시,41130,대장동,32,31,20230905
2022,성남시,41130,대장동,53,45,20230905
2021,성남시,41130,대장동,45,38,20230905
2020,성남시,41130,대장동,19,17,20230905
2023,성남시,41130,도촌동,46,42,20230905
2022,성남시,41130,도촌동,75,61,20230905
2021,성남시,41130,도촌동,159,150,20230905
2020,성남시,41130,도촌동,84,81,20230905
2023,성남시,41130,동원동,2,1,20230905
2022,성남시,41130,동원동,3,3,20230905
2021,성남시,41130,동원동,9,5,20230905
2020,성남시,41130,동원동,6,6,20230905
2021,성남시,41130,둔전동,2,2,20230905
2020,성남시,41130,둔전동,3,3,20230905
2023,성남시,41130,백현동,89,81,20230905
2022,성남시,41130,백현동,161,134,20230905
2021,성남시,41130,백현동,259,228,20230905
2020,성남시,41130,백현동,138,129,20230905
2023,성남시,41130,복정동,24,23,20230905
2022,성남시,41130,복정동,48,40,20230905
2021,성남시,41130,복정동,86,70,20230905
2020,성남시,41130,복정동,46,37,20230905
2023,성남시,41130,분당동,73,63,20230905
2022,성남시,41130,분당동,127,113,20230905
2021,성남시,41130,분당동,217,201,20230905
2020,성남시,41130,분당동,141,130,20230905
2023,성남시,41130,사송동,3,3,20230905
2022,성남시,41130,사송동,3,3,20230905
2021,성남시,41130,사송동,15,13,20230905
2020,성남시,41130,사송동,11,9,20230905
2023,성남시,41130,산성동,18,16,20230905
2022,성남시,41130,산성동,16,15,20230905
2021,성남시,41130,산성동,51,45,20230905
2020,성남시,41130,산성동,42,38,20230905
2023,성남시,41130,삼평동,51,47,20230905
2022,성남시,41130,삼평동,110,98,20230905
2021,성남시,41130,삼평동,234,207,20230905
2020,성남시,41130,삼평동,122,115,20230905
2023,성남시,41130,상대원동,104,95,20230905
2022,성남시,41130,상대원동,251,212,20230905
2021,성남시,41130,상대원동,510,439,20230905
2020,성남시,41130,상대원동,233,206,20230905
2023,성남시,41130,상적동,2,2,20230905
2022,성남시,41130,상적동,8,7,20230905
2021,성남시,41130,상적동,12,8,20230905
2020,성남시,41130,상적동,7,7,20230905
2023,성남시,41130,서현동,143,128,20230905
2022,성남시,41130,서현동,233,213,20230905
2021,성남시,41130,서현동,455,412,20230905
2020,성남시,41130,서현동,253,220,20230905
2022,성남시,41130,석운동,2,2,20230905
2021,성남시,41130,석운동,6,6,20230905
2020,성남시,41130,석운동,1,1,20230905
2023,성남시,41130,성남동,102,94,20230905
2022,성남시,41130,성남동,209,175,20230905
2021,성남시,41130,성남동,361,312,20230905
2020,성남시,41130,성남동,202,181,20230905
2023,성남시,41130,수내동,122,112,20230905
2022,성남시,41130,수내동,197,174,20230905
2021,성남시,41130,수내동,379,330,20230905
2020,성남시,41130,수내동,227,202,20230905
2023,성남시,41130,수진동,101,69,20230905
2022,성남시,41130,수진동,190,120,20230905
2021,성남시,41130,수진동,365,259,20230905
2020,성남시,41130,수진동,241,140,20230905
2023,성남시,41130,시흥동,12,10,20230905
2022,성남시,41130,시흥동,14,10,20230905
2021,성남시,41130,시흥동,34,24,20230905
2020,성남시,41130,시흥동,13,12,20230905
2022,성남시,41130,신촌동,6,6,20230905
2021,성남시,41130,신촌동,6,6,20230905
2020,성남시,41130,신촌동,11,7,20230905
2023,성남시,41130,신흥동,130,117,20230905
2022,성남시,41130,신흥동,247,210,20230905
2021,성남시,41130,신흥동,429,372,20230905
2020,성남시,41130,신흥동,227,194,20230905
2023,성남시,41130,심곡동,1,1,20230905
2022,성남시,41130,심곡동,10,9,20230905
2021,성남시,41130,심곡동,35,27,20230905
2020,성남시,41130,심곡동,14,12,20230905
2023,성남시,41130,야탑동,124,108,20230905
2022,성남시,41130,야탑동,245,208,20230905
2021,성남시,41130,야탑동,472,375,20230905
2020,성남시,41130,야탑동,372,219,20230905
2023,성남시,41130,양지동,26,24,20230905
2022,성남시,41130,양지동,54,48,20230905
2021,성남시,41130,양지동,97,86,20230905
2020,성남시,41130,양지동,45,39,20230905
2023,성남시,41130,여수동,17,15,20230905
2022,성남시,41130,여수동,63,56,20230905
2021,성남시,41130,여수동,108,103,20230905
2020,성남시,41130,여수동,124,113,20230905
2023,성남시,41130,오야동,1,1,20230905
2022,성남시,41130,오야동,7,5,20230905
2021,성남시,41130,오야동,11,6,20230905
2020,성남시,41130,오야동,10,6,20230905
2023,성남시,41130,운중동,81,62,20230905
2022,성남시,41130,운중동,151,132,20230905
2021,성남시,41130,운중동,223,191,20230905
2020,성남시,41130,운중동,97,90,20230905
2023,성남시,41130,율동,7,6,20230905
2022,성남시,41130,율동,8,8,20230905
2021,성남시,41130,율동,18,15,20230905
2020,성남시,41130,율동,4,4,20230905
2023,성남시,41130,은행동,91,82,20230905
2022,성남시,41130,은행동,188,166,20230905
2021,성남시,41130,은행동,368,323,20230905
2020,성남시,41130,은행동,166,136,20230905
2023,성남시,41130,이매동,72,66,20230905
2022,성남시,41130,이매동,175,150,20230905
2021,성남시,41130,이매동,337,313,20230905
2020,성남시,41130,이매동,202,190,20230905
2023,성남시,41130,정자동,272,233,20230905
2022,성남시,41130,정자동,448,396,20230905
2021,성남시,41130,정자동,865,754,20230905
2020,성남시,41130,정자동,447,415,20230905
2023,성남시,41130,중앙동,40,37,20230905
2022,성남시,41130,중앙동,59,52,20230905
2021,성남시,41130,중앙동,118,96,20230905
2020,성남시,41130,중앙동,59,54,20230905
2023,성남시,41130,창곡동,149,138,20230905
2022,성남시,41130,창곡동,260,228,20230905
2021,성남시,41130,창곡동,450,400,20230905
2020,성남시,41130,창곡동,270,237,20230905
2023,성남시,41130,태평동,164,153,20230905
2022,성남시,41130,태평동,310,264,20230905
2021,성남시,41130,태평동,603,509,20230905
2020,성남시,41130,태평동,321,277,20230905
2023,성남시,41130,판교동,67,42,20230905
2022,성남시,41130,판교동,116,99,20230905
2021,성남시,41130,판교동,234,197,20230905
2020,성남시,41130,판교동,115,108,20230905
2023,성남시,41130,하대원동,43,39,20230905
2022,성남시,41130,하대원동,86,73,20230905
2021,성남시,41130,하대원동,182,161,20230905
2020,성남시,41130,하대원동,107,97,20230905
2023,성남시,41130,하산운동,0,0,20230905
2022,성남시,41130,하산운동,2,1,20230905
2021,성남시,41130,하산운동,1,1,20230905
2024,수원시,41110,고등동,1362,989,20250523
2023,수원시,41110,고등동,1286,935,20250523
2022,수원시,41110,고등동,1166,846,20250523
2021,수원시,41110,고등동,1014,749,20250523
2020,수원시,41110,고등동,837,617,20250523
2024,수원시,41110,고색동,1340,968,20250523
2023,수원시,41110,고색동,1258,919,20250523
2022,수원시,41110,고색동,1176,876,20250523
2021,수원시,41110,고색동,1082,813,20250523
2020,수원시,41110,고색동,906,683,20250523
2024,수원시,41110,곡반정동,2239,1557,20250523
2023,수원시,41110,곡반정동,2080,1468,20250523
2022,수원시,41110,곡반정동,1878,1343,20250523
2021,수원시,41110,곡반정동,1664,1187,20250523
2020,수원시,41110,곡반정동,1415,1010,20250523
2024,수원시,41110,교동,226,150,20250523
2023,수원시,41110,교동,218,146,20250523
2022,수원시,41110,교동,213,145,20250523
2021,수원시,41110,교동,202,136,20250523
2020,수원시,41110,교동,168,114,20250523
2024,수원시,41110,구운동,1995,1496,20250523
2023,수원시,41110,구운동,1899,1432,20250523
2022,수원시,41110,구운동,1803,1370,20250523
2021,수원시,41110,구운동,1659,1289,20250523
2020,수원시,41110,구운동,1370,1073,20250523
2024,수원시,41110,구천동,136,97,20250523
2023,수원시,41110,구천동,113,85,20250523
2022,수원시,41110,구천동,95,70,20250523
2021,수원시,41110,구천동,77,58,20250523
2020,수원시,41110,구천동,62,46,20250523
2024,수원시,41110,권선동,6931,5110,20250523
2023,수원시,41110,권선동,6526,4857,20250523
2022,수원시,41110,권선동,6101,4598,20250523
2021,수원시,41110,권선동,5576,4222,20250523
2020,수원시,41110,권선동,4631,3527,20250523
2024,수원시,41110,금곡동,3405,2523,20250523
2023,수원시,41110,금곡동,3178,2366,20250523
2022,수원시,41110,금곡동,2966,2172,20250523
2021,수원시,41110,금곡동,2648,1964,20250523
2020,수원시,41110,금곡동,2090,1572,20250523
2024,수원시,41110,남수동,109,77,20250523
2023,수원시,41110,남수동,107,75,20250523
2022,수원시,41110,남수동,106,76,20250523
2021,수원시,41110,남수동,100,71,20250523
2020,수원시,41110,남수동,83,57,20250523
2024,수원시,41110,남창동,118,79,20250523
2023,수원시,41110,남창동,109,75,20250523
2022,수원시,41110,남창동,104,72,20250523
2021,수원시,41110,남창동,100,69,20250523
2020,수원시,41110,남창동,91,64,20250523
2024,수원시,41110,당수동,709,542,20250523
2023,수원시,41110,당수동,637,493,20250523
2022,수원시,41110,당수동,518,407,20250523
2021,수원시,41110,당수동,468,370,20250523
2020,수원시,41110,당수동,377,300,20250523
2024,수원시,41110,망포동,3333,2647,20250523
2023,수원시,41110,망포동,3140,2495,20250523
2022,수원시,41110,망포동,2940,2360,20250523
2021,수원시,41110,망포동,2697,2182,20250523
2020,수원시,41110,망포동,2296,1873,20250523
2024,수원시,41110,매교동,722,513,20250523
2023,수원시,41110,매교동,624,448,20250523
2022,수원시,41110,매교동,489,356,20250523
2021,수원시,41110,매교동,439,322,20250523
2020,수원시,41110,매교동,380,278,20250523
2024,수원시,41110,매산로1가,190,124,20250523
2023,수원시,41110,매산로1가,179,119,20250523
2022,수원시,41110,매산로1가,172,112,20250523
2021,수원시,41110,매산로1가,153,100,20250523
2020,수원시,41110,매산로1가,137,87,20250523
2024,수원시,41110,매산로2가,457,340,20250523
2023,수원시,41110,매산로2가,430,323,20250523
2022,수원시,41110,매산로2가,395,298,20250523
2021,수원시,41110,매산로2가,372,283,20250523
2020,수원시,41110,매산로2가,329,254,20250523
2024,수원시,41110,매산로3가,318,222,20250523
2023,수원시,41110,매산로3가,295,207,20250523
2022,수원시,41110,매산로3가,288,202,20250523
2021,수원시,41110,매산로3가,264,185,20250523
2020,수원시,41110,매산로3가,220,159,20250523
2024,수원시,41110,매탄동,6528,5037,20250523
2023,수원시,41110,매탄동,6187,4823,20250523
2022,수원시,41110,매탄동,5951,4646,20250523
2021,수원시,41110,매탄동,5495,4320,20250523
2020,수원시,41110,매탄동,4688,3739,20250523
2024,수원시,41110,매향동,116,77,20250523
2023,수원시,41110,매향동,111,76,20250523
2022,수원시,41110,매향동,103,72,20250523
2021,수원시,41110,매향동,92,68,20250523
2020,수원시,41110,매향동,75,55,20250523
2024,수원시,41110,북수동,170,109,20250523
2023,수원시,41110,북수동,162,105,20250523
2022,수원시,41110,북수동,148,99,20250523
2021,수원시,41110,북수동,140,92,20250523
2020,수원시,41110,북수동,121,78,20250523
2024,수원시,41110,상광교동,18,9,20250523
2023,수원시,41110,상광교동,17,9,20250523
2022,수원시,41110,상광교동,15,7,20250523
2021,수원시,41110,상광교동,14,6,20250523
2020,수원시,41110,상광교동,6,4,20250523
2024,수원시,41110,서둔동,1544,1066,20250523
2023,수원시,41110,서둔동,1430,989,20250523
2022,수원시,41110,서둔동,1283,912,20250523
2021,수원시,41110,서둔동,1164,834,20250523
2020,수원시,41110,서둔동,957,694,20250523
2024,수원시,41110,세류동,4960,3542,20250523
2023,수원시,41110,세류동,4651,3343,20250523
2022,수원시,41110,세류동,4364,3148,20250523
2021,수원시,41110,세류동,4038,2927,20250523
2020,수원시,41110,세류동,3352,2456,20250523
2024,수원시,41110,송죽동,1788,1326,20250523
2023,수원시,41110,송죽동,1701,1276,20250523
2022,수원시,41110,송죽동,1631,1226,20250523
2021,수원시,41110,송죽동,1516,1157,20250523
2020,수원시,41110,송죽동,1268,989,20250523
2024,수원시,41110,신동,439,320,20250523
2023,수원시,41110,신동,408,299,20250523
2022,수원시,41110,신동,383,283,20250523
2021,수원시,41110,신동,343,256,20250523
2020,수원시,41110,신동,272,206,20250523
2024,수원시,41110,신풍동,165,113,20250523
2023,수원시,41110,신풍동,160,111,20250523
2022,수원시,41110,신풍동,152,107,20250523
2021,수원시,41110,신풍동,151,106,20250523
2020,수원시,41110,신풍동,132,92,20250523
2024,수원시,41110,연무동,1536,1079,20250523
2023,수원시,41110,연무동,1449,1030,20250523
2022,수원시,41110,연무동,1377,976,20250523
2021,수원시,41110,연무동,1274,919,20250523
2020,수원시,41110,연무동,1071,790,20250523
2024,수원시,41110,영동,42,26,20250523
2023,수원시,41110,영동,42,26,20250523
2022,수원시,41110,영동,42,26,20250523
2021,수원시,41110,영동,41,26,20250523
2020,수원시,41110,영동,40,26,20250523
2024,수원시,41110,영통동,5106,4094,20250523
2023,수원시,41110,영통동,4861,3917,20250523
2022,수원시,41110,영통동,4641,3766,20250523
2021,수원시,41110,영통동,4284,3511,20250523
2020,수원시,41110,영통동,3699,3063,20250523
2024,수원시,41110,영화동,1805,1321,20250523
2023,수원시,41110,영화동,1723,1269,20250523
2022,수원시,41110,영화동,1691,1213,20250523
2021,수원시,41110,영화동,1572,1143,20250523
2020,수원시,41110,영화동,1360,995,20250523
2024,수원시,41110,오목천동,1718,1260,20250523
2023,수원시,41110,오목천동,1617,1190,20250523
2022,수원시,41110,오목천동,1452,1086,20250523
2021,수원시,41110,오목천동,1290,975,20250523
2020,수원시,41110,오목천동,1060,802,20250523
2024,수원시,41110,우만동,2947,2191,20250523
2023,수원시,41110,우만동,2767,2083,20250523
2022,수원시,41110,우만동,2633,1997,20250523
2021,수원시,41110,우만동,2412,1844,20250523
2020,수원시,41110,우만동,2041,1566,20250523
2024,수원시,41110,원천동,2543,1886,20250523
2023,수원시,41110,원천동,2286,1736,20250523
2022,수원시,41110,원천동,2035,1558,20250523
2021,수원시,41110,원천동,1753,1362,20250523
2020,수원시,41110,원천동,1417,1095,20250523
2024,수원시,41110,율전동,1734,1356,20250523
2023,수원시,41110,율전동,1635,1288,20250523
2022,수원시,41110,율전동,1557,1236,20250523
2021,수원시,41110,율전동,1432,1135,20250523
2020,수원시,41110,율전동,1178,942,20250523
2024,수원시,41110,이목동,470,345,20250523
2023,수원시,41110,이목동,449,327,20250523
2022,수원시,41110,이목동,412,295,20250523
2021,수원시,41110,이목동,378,270,20250523
2020,수원시,41110,이목동,309,219,20250523
2024,수원시,41110,이의동,3726,2694,20250523
2023,수원시,41110,이의동,3362,2536,20250523
2022,수원시,41110,이의동,3062,2389,20250523
2021,수원시,41110,이의동,2691,2128,20250523
2020,수원시,41110,이의동,2175,1735,20250523
2024,수원시,41110,인계동,4613,3278,20250523
2023,수원시,41110,인계동,4255,3061,20250523
2022,수원시,41110,인계동,3898,2833,20250523
2021,수원시,41110,인계동,3503,2567,20250523
2020,수원시,41110,인계동,2943,2167,20250523
2024,수원시,41110,입북동,510,387,20250523
2023,수원시,41110,입북동,488,370,20250523
2022,수원시,41110,입북동,448,346,20250523
2021,수원시,41110,입북동,403,315,20250523
2020,수원시,41110,입북동,330,263,20250523
2024,수원시,41110,장안동,94,68,20250523
2023,수원시,41110,장안동,90,67,20250523
2022,수원시,41110,장안동,86,66,20250523
2021,수원시,41110,장안동,83,63,20250523
2020,수원시,41110,장안동,64,50,20250523
2024,수원시,41110,장지동,19,14,20250523
2023,수원시,41110,장지동,18,14,20250523
2022,수원시,41110,장지동,16,12,20250523
2021,수원시,41110,장지동,15,11,20250523
2020,수원시,41110,장지동,11,11,20250523
2024,수원시,41110,정자동,6054,4686,20250523
2023,수원시,41110,정자동,5717,4440,20250523
2022,수원시,41110,정자동,5333,4186,20250523
2021,수원시,41110,정자동,4878,3871,20250523
2020,수원시,41110,정자동,4169,3320,20250523
2024,수원시,41110,조원동,3814,2875,20250523
2023,수원시,41110,조원동,3621,2744,20250523
2022,수원시,41110,조원동,3471,2653,20250523
2021,수원시,41110,조원동,3247,2506,20250523
2020,수원시,41110,조원동,2843,2214,20250523
2024,수원시,41110,중동,59,42,20250523
2023,수원시,41110,중동,48,35,20250523
2022,수원시,41110,중동,49,36,20250523
2021,수원시,41110,중동,41,30,20250523
2020,수원시,41110,중동,31,22,20250523
2024,수원시,41110,지동,1259,855,20250523
2023,수원시,41110,지동,1201,820,20250523
2022,수원시,41110,지동,1170,805,20250523
2021,수원시,41110,지동,1093,757,20250523
2020,수원시,41110,지동,973,673,20250523
2024,수원시,41110,천천동,1722,1397,20250523
2023,수원시,41110,천천동,1626,1328,20250523
2022,수원시,41110,천천동,1559,1282,20250523
2021,수원시,41110,천천동,1438,1199,20250523
2020,수원시,41110,천천동,1229,1023,20250523
2024,수원시,41110,탑동,1972,1403,20250523
2023,수원시,41110,탑동,1868,1340,20250523
2022,수원시,41110,탑동,1760,1270,20250523
2021,수원시,41110,탑동,1623,1173,20250523
2020,수원시,41110,탑동,1374,1004,20250523
2024,수원시,41110,파장동,1562,1170,20250523
2023,수원시,41110,파장동,1486,1126,20250523
2022,수원시,41110,파장동,1377,1056,20250523
2021,수원시,41110,파장동,1275,988,20250523
2020,수원시,41110,파장동,1093,865,20250523
2024,수원시,41110,팔달로1가,31,22,20250523
2023,수원시,41110,팔달로1가,29,20,20250523
2022,수원시,41110,팔달로1가,27,19,20250523
2021,수원시,41110,팔달로1가,25,17,20250523
2020,수원시,41110,팔달로1가,22,15,20250523
2024,수원시,41110,팔달로2가,54,31,20250523
2023,수원시,41110,팔달로2가,49,29,20250523
2022,수원시,41110,팔달로2가,50,30,20250523
2021,수원시,41110,팔달로2가,48,29,20250523
2020,수원시,41110,팔달로2가,45,26,20250523
2024,수원시,41110,팔달로3가,43,30,20250523
2023,수원시,41110,팔달로3가,41,29,20250523
2022,수원시,41110,팔달로3가,45,31,20250523
2021,수원시,41110,팔달로3가,43,29,20250523
2020,수원시,41110,팔달로3가,35,24,20250523
2024,수원시,41110,평동,189,141,20250523
2023,수원시,41110,평동,182,137,20250523
2022,수원시,41110,평동,171,132,20250523
2021,수원시,41110,평동,156,122,20250523
2020,수원시,41110,평동,126,101,20250523
2024,수원시,41110,평리동,4,4,20250523
2023,수원시,41110,평리동,4,4,20250523
2022,수원시,41110,평리동,3,3,20250523
2021,수원시,41110,평리동,3,3,20250523
2020,수원시,41110,평리동,1,1,20250523
2024,수원시,41110,하광교동,53,22,20250523
2023,수원시,41110,하광교동,51,21,20250523
2022,수원시,41110,하광교동,31,19,20250523
2021,수원시,41110,하광교동,31,19,20250523
2020,수원시,41110,하광교동,22,15,20250523
2024,수원시,41110,하동,2153,1525,20250523
2023,수원시,41110,하동,2014,1439,20250523
2022,수원시,41110,하동,1774,1343,20250523
2021,수원시,41110,하동,1564,1195,20250523
2020,수원시,41110,하동,1276,983,20250523
2024,수원시,41110,호매실동,3001,2251,20250523
2023,수원시,41110,호매실동,2791,2099,20250523
2022,수원시,41110,호매실동,2517,1916,20250523
2021,수원시,41110,호매실동,2236,1719,20250523
2020,수원시,41110,호매실동,1768,1353,20250523
2024,수원시,41110,화서동,3640,2780,20250523
2023,수원시,41110,화서동,3442,2639,20250523
2022,수원시,41110,화서동,3285,2549,20250523
2021,수원시,41110,화서동,3047,2377,20250523
2020,수원시,41110,화서동,2578,2028,20250523
2025,시흥시,41390,거모동,2284,1663,20250526
2025,시흥시,41390,계수동,218,74,20250526
2025,시흥시,41390,과림동,172,83,20250526
2025,시흥시,41390,광석동,82,55,20250526
2025,시흥시,41390,군자동,257,167,20250526
2025,시흥시,41390,금이동,47,25,20250526
2025,시흥시,41390,논곡동,382,279,20250526
2025,시흥시,41390,능곡동,1708,1277,20250526
2025,시흥시,41390,대야동,3718,2651,20250526
2025,시흥시,41390,도창동,262,192,20250526
2025,시흥시,41390,매화동,950,602,20250526
2025,시흥시,41390,목감동,329,253,20250526
2025,시흥시,41390,무지내동,69,32,20250526
2025,시흥시,41390,물왕동,23,17,20250526
2025,시흥시,41390,미산동,469,303,20250526
2025,시흥시,41390,방산동,107,46,20250526
2025,시흥시,41390,배곧동,3848,2672,20250526
2025,시흥시,41390,산현동,631,450,20250526
2025,시흥시,41390,신천동,4084,2957,20250526
2025,시흥시,41390,안현동,77,30,20250526
2025,시흥시,41390,월곶동,1812,1246,20250526
2025,시흥시,41390,은행동,4403,3331,20250526
2025,시흥시,41390,장곡동,1932,1434,20250526
2025,시흥시,41390,장현동,1223,877,20250526
2025,시흥시,41390,정왕동,14950,11019,20250526
2025,시흥시,41390,조남동,1830,1361,20250526
2025,시흥시,41390,죽율동,493,340,20250526
2025,시흥시,41390,포동,509,375,20250526
2025,시흥시,41390,하상동,662,501,20250526
2025,시흥시,41390,하중동,748,547,20250526
2025,시흥시,41390,화정동,6,5,20250526
2025,안성시,41550,가사동,53,46,20250101
2025,안성시,41550,가현동,19,12,20250101
2025,안성시,41550,계동,14,14,20250101
2025,안성시,41550,고삼면,69,47,20250101
2025,안성시,41550,공도읍,1566,1291,20250101
2025,안성시,41550,구포동,21,15,20250101
2025,안성시,41550,금광면,195,153,20250101
2025,안성시,41550,금산동,112,86,20250101
2025,안성시,41550,금석동,27,22,20250101
2025,안성시,41550,낙원동,19,16,20250101
2025,안성시,41550,당왕동,268,227,20250101
2025,안성시,41550,대덕면,466,375,20250101
2025,안성시,41550,대천동,11,11,20250101
2025,안성시,41550,도기동,40,34,20250101
2025,안성시,41550,동본동,9,8,20250101
2025,안성시,41550,명륜동,22,20,20250101
2025,안성시,41550,미양면,147,116,20250101
2025,안성시,41550,발화동,3,3,20250101
2025,안성시,41550,보개면,164,111,20250101
2025,안성시,41550,봉남동,14,12,20250101
2025,안성시,41550,봉산동,59,49,20250101
2025,안성시,41550,사곡동,5,5,20250101
2025,안성시,41550,삼죽면,115,81,20250101
2025,안성시,41550,서운면,98,76,20250101
2025,안성시,41550,서인동,7,4,20250101
2025,안성시,41550,석정동,114,100,20250101
2025,안성시,41550,성남동,19,17,20250101
2025,안성시,41550,숭인동,41,35,20250101
2025,안성시,41550,신건지동,23,20,20250101
2025,안성시,41550,신모산동,1,1,20250101
2025,안성시,41550,신소현동,47,41,20250101
2025,안성시,41550,신흥동,20,14,20250101
2025,안성시,41550,아양동,261,193,20250101
2025,안성시,41550,양성면,154,102,20250101
2025,안성시,41550,연지동,13,11,20250101
2025,안성시,41550,영동,16,13,20250101
2025,안성시,41550,옥산동,129,107,20250101
2025,안성시,41550,옥천동,11,10,20250101
2025,안성시,41550,원곡면,217,168,20250101
2025,안성시,41550,인지동,30,23,20250101
2025,안성시,41550,일죽면,288,199,20250101
2025,안성시,41550,죽산면,296,165,20250101
2025,안성시,41550,중리동,89,70,20250101
2025,안성시,41550,창전동,12,10,20250101
2025,안성시,41550,합계,5320,4142,20250101
2025,안성시,41550,현수동,16,9,20250101
2022,양주시,41630,고암동,105,96,20230908
2021,양주시,41630,고암동,210,179,20230908
2020,양주시,41630,고암동,75,63,20230908
2022,양주시,41630,고읍동,65,54,20230908
2021,양주시,41630,고읍동,137,109,20230908
2020,양주시,41630,고읍동,44,40,20230908
2022,양주시,41630,광사동,87,74,20230908
2021,양주시,41630,광사동,184,151,20230908
2020,양주시,41630,광사동,80,69,20230908
2022,양주시,41630,광적면,122,66,20230908
2021,양주시,41630,광적면,217,128,20230908
2020,양주시,41630,광적면,50,39,20230908
2022,양주시,41630,남면,60,49,20230908
2021,양주시,41630,남면,99,80,20230908
2020,양주시,41630,남면,28,27,20230908
2022,양주시,41630,남방동,3,3,20230908
2021,양주시,41630,남방동,21,14,20230908
2020,양주시,41630,남방동,3,3,20230908
2022,양주시,41630,덕계동,150,133,20230908
2021,양주시,41630,덕계동,281,223,20230908
2020,양주시,41630,덕계동,121,108,20230908
2022,양주시,41630,덕정동,133,104,20230908
2021,양주시,41630,덕정동,183,152,20230908
2020,양주시,41630,덕정동,109,84,20230908
2022,양주시,41630,마전동,8,6,20230908
2021,양주시,41630,마전동,8,4,20230908
2020,양주시,41630,마전동,1,1,20230908
2022,양주시,41630,만송동,61,54,20230908
2021,양주시,41630,만송동,146,122,20230908
2020,양주시,41630,만송동,57,54,20230908
2022,양주시,41630,백석읍,214,161,20230908
2021,양주시,41630,백석읍,444,319,20230908
2020,양주시,41630,백석읍,188,136,20230908
2022,양주시,41630,봉양동,4,4,20230908
2021,양주시,41630,봉양동,13,12,20230908
2020,양주시,41630,봉양동,6,6,20230908
2022,양주시,41630,산북동,13,11,20230908
2021,양주시,41630,산북동,37,33,20230908
2020,양주시,41630,산북동,13,10,20230908
2022,양주시,41630,삼숭동,133,110,20230908
2021,양주시,41630,삼숭동,316,259,20230908
2020,양주시,41630,삼숭동,99,85,20230908
2022,양주시,41630,어둔동,1,1,20230908
2021,양주시,41630,어둔동,7,5,20230908
2020,양주시,41630,어둔동,1,1,20230908
2022,양주시,41630,옥정동,501,447,20230908
2021,양주시,41630,옥정동,883,761,20230908
2020,양주시,41630,옥정동,346,315,20230908
2022,양주시,41630,유양동,4,3,20230908
2021,양주시,41630,유양동,15,9,20230908
2020,양주시,41630,유양동,1,1,20230908
2022,양주시,41630,율정동,1,1,20230908
2021,양주시,41630,율정동,8,6,20230908
2020,양주시,41630,율정동,3,3,20230908
2022,양주시,41630,은현면,35,32,20230908
2021,양주시,41630,은현면,84,57,20230908
2020,양주시,41630,은현면,22,18,20230908
2022,양주시,41630,장흥면,56,49,20230908
2021,양주시,41630,장흥면,180,133,20230908
2020,양주시,41630,장흥면,66,49,20230908
2022,양주시,41630,회암동,4,4,20230908
2021,양주시,41630,회암동,28,13,20230908
2020,양주시,41630,회암동,5,5,20230908
2022,양주시,41630,회정동,32,28,20230908
2021,양주시,41630,회정동,67,54,20230908
2020,양주시,41630,회정동,44,31,20230908
2022,양평군,41830,강상면,86,75,20230911
2021,양평군,41830,강상면,126,126,20230911
2020,양평군,41830,강상면,92,92,20230911
2022,양평군,41830,강하면,73,49,20230911
2021,양평군,41830,강하면,90,90,20230911
2020,양평군,41830,강하면,56,56,20230911
2022,양평군,41830,개군면,39,34,20230911
2021,양평군,41830,개군면,95,95,20230911
2020,양평군,41830,개군면,32,32,20230911
2022,양평군,41830,단월면,50,40,20230911
2021,양평군,41830,단월면,62,62,20230911
2020,양평군,41830,단월면,37,37,20230911
2022,양평군,41830,서종면,124,95,20230911
2021,양평군,41830,서종면,187,187,20230911
2020,양평군,41830,서종면,108,108,20230911
2022,양평군,41830,양동면,40,22,20230911
2021,양평군,41830,양동면,76,76,20230911
2020,양평군,41830,양동면,38,38,20230911
2022,양평군,41830,양서면,146,110,20230911
2021,양평군,41830,양서면,210,210,20230911
2020,양평군,41830,양서면,106,106,20230911
2022,양평군,41830,양평읍,270,208,20230911
2021,양평군,41830,양평읍,344,344,20230911
2020,양평군,41830,양평읍,211,211,20230911
2022,양평군,41830,옥천면,85,68,20230911
2021,양평군,41830,옥천면,148,148,20230911
2020,양평군,41830,옥천면,101,101,20230911
2022,양평군,41830,용문면,181,146,20230911
2021,양평군,41830,용문면,285,285,20230911
2020,양평군,41830,용문면,202,202,20230911
2022,양평군,41830,지평면,71,57,20230911
2021,양평군,41830,지평면,101,101,20230911
2020,양평군,41830,지평면,62,62,20230911
2022,양평군,41830,청운면,44,24,20230911
2021,양평군,41830,청운면,38,38,20230911
2020,양평군,41830,청운면,40,40,20230911
2024,여주시,41670,가남읍,38,33,20250716
2023,여주시,41670,가남읍,80,73,20250716
2022,여주시,41670,가남읍,98,88,20250716
2021,여주시,41670,가남읍,244,165,20250716
2020,여주시,41670,가남읍,75,62,20250716
2021,여주시,41670,가업동,9,4,20250716
2020,여주시,41670,가업동,1,1,20250716
2024,여주시,41670,강천면,4,16,20250716
2023,여주시,41670,강천면,38,30,20250716
2022,여주시,41670,강천면,38,19,20250716
2021,여주시,41670,강천면,148,97,20250716
2020,여주시,41670,강천면,39,31,20250716
2024,여주시,41670,교동,48,44,20250716
2023,여주시,41670,교동,69,63,20250716
2022,여주시,41670,교동,46,41,20250716
2021,여주시,41670,교동,74,66,20250716
2020,여주시,41670,교동,27,25,20250716
2024,여주시,41670,금사면,20,6,20250716
2023,여주시,41670,금사면,25,18,20250716
2022,여주시,41670,금사면,31,22,20250716
2021,여주시,41670,금사면,75,35,20250716
2020,여주시,41670,금사면,22,17,20250716
2024,여주시,41670,능서면,7,2,20250716
2023,여주시,41670,능서면,4,3,20250716
2022,여주시,41670,능서면,2,1,20250716
2021,여주시,41670,능서면,121,73,20250716
2020,여주시,41670,능서면,41,29,20250716
2024,여주시,41670,능현동,2,1,20250716
2023,여주시,41670,능현동,8,7,20250716
2022,여주시,41670,능현동,9,9,20250716
2021,여주시,41670,능현동,15,11,20250716
2020,여주시,41670,능현동,15,10,20250716
2024,여주시,41670,단현동,1,23,20250716
2023,여주시,41670,단현동,44,33,20250716
2022,여주시,41670,단현동,2,2,20250716
2021,여주시,41670,단현동,3,3,20250716
2020,여주시,41670,단현동,3,3,20250716
2024,여주시,41670,대신면,28,1,20250716
2023,여주시,41670,대신면,5,4,20250716
2022,여주시,41670,대신면,70,45,20250716
2021,여주시,41670,대신면,228,140,20250716
2020,여주시,41670,대신면,33,23,20250716
2024,여주시,41670,매룡동,1,6,20250716
2023,여주시,41670,매룡동,16,12,20250716
2022,여주시,41670,매룡동,4,4,20250716
2021,여주시,41670,매룡동,6,4,20250716
2020,여주시,41670,매룡동,1,1,20250716
2024,여주시,41670,멱곡동,6,20,20250716
2023,여주시,41670,멱곡동,35,25,20250716
2022,여주시,41670,멱곡동,13,11,20250716
2021,여주시,41670,멱곡동,44,24,20250716
2020,여주시,41670,멱곡동,8,7,20250716
2024,여주시,41670,북내면,25,5,20250716
2023,여주시,41670,북내면,18,15,20250716
2022,여주시,41670,북내면,46,32,20250716
2021,여주시,41670,북내면,103,70,20250716
2020,여주시,41670,북내면,45,24,20250716
2024,여주시,41670,산북면,5,3,20250716
2023,여주시,41670,산북면,6,5,20250716
2022,여주시,41670,산북면,18,17,20250716
2021,여주시,41670,산북면,27,21,20250716
2020,여주시,41670,산북면,39,24,20250716
2024,여주시,41670,삼교동,4,1,20250716
2023,여주시,41670,삼교동,2,1,20250716
2022,여주시,41670,삼교동,2,1,20250716
2021,여주시,41670,삼교동,6,6,20250716
2020,여주시,41670,삼교동,3,2,20250716
2020,여주시,41670,상거동,1,1,20250716
2024,여주시,41670,상동,9,8,20250716
2023,여주시,41670,상동,26,17,20250716
2022,여주시,41670,상동,32,21,20250716
2021,여주시,41670,상동,51,39,20250716
2020,여주시,41670,상동,19,17,20250716
2024,여주시,41670,세종대왕면,18,347,20250716
2023,여주시,41670,세종대왕면,50,39,20250716
2022,여주시,41670,세종대왕면,37,34,20250716
2021,여주시,41670,세종대왕면,4,4,20250716
2020,여주시,41670,세종대왕면,2,2,20250716
2024,여주시,41670,신진동,1,2,20250716
2023,여주시,41670,신진동,6,5,20250716
2022,여주시,41670,신진동,4,4,20250716
2021,여주시,41670,신진동,3,3,20250716
2020,여주시,41670,신진동,1,1,20250716
2024,여주시,41670,연라동,4,3,20250716
2023,여주시,41670,연라동,2,2,20250716
2022,여주시,41670,연라동,9,6,20250716
2021,여주시,41670,연라동,22,17,20250716
2020,여주시,41670,연라동,3,3,20250716
2024,여주시,41670,연양동,5,1,20250716
2023,여주시,41670,연양동,6,6,20250716
2022,여주시,41670,연양동,13,10,20250716
2021,여주시,41670,연양동,27,22,20250716
2020,여주시,41670,연양동,15,12,20250716
2024,여주시,41670,오금동,1,23,20250716
2023,여주시,41670,오금동,4,4,20250716
2022,여주시,41670,오금동,5,5,20250716
2021,여주시,41670,오금동,6,4,20250716
2020,여주시,41670,오금동,6,2,20250716
2024,여주시,41670,오학동,28,3,20250716
2023,여주시,41670,오학동,39,28,20250716
2022,여주시,41670,오학동,33,30,20250716
2021,여주시,41670,오학동,92,74,20250716
2020,여주시,41670,오학동,32,27,20250716
2024,여주시,41670,우만동,4,9,20250716
2023,여주시,41670,우만동,4,4,20250716
2022,여주시,41670,우만동,5,4,20250716
2021,여주시,41670,우만동,7,4,20250716
2020,여주시,41670,우만동,2,2,20250716
2024,여주시,41670,월송동,10,16,20250716
2023,여주시,41670,월송동,37,31,20250716
2022,여주시,41670,월송동,33,29,20250716
2021,여주시,41670,월송동,65,48,20250716
2020,여주시,41670,월송동,15,15,20250716
2024,여주시,41670,점동면,17,10,20250716
2023,여주시,41670,점동면,34,27,20250716
2022,여주시,41670,점동면,40,31,20250716
2021,여주시,41670,점동면,109,72,20250716
2020,여주시,41670,점동면,37,22,20250716
2024,여주시,41670,점봉동,10,18,20250716
2023,여주시,41670,점봉동,45,39,20250716
2022,여주시,41670,점봉동,40,38,20250716
2021,여주시,41670,점봉동,106,81,20250716
2020,여주시,41670,점봉동,31,26,20250716
2024,여주시,41670,창동,10,10,20250716
2023,여주시,41670,창동,14,14,20250716
2022,여주시,41670,창동,8,7,20250716
2021,여주시,41670,창동,42,30,20250716
2020,여주시,41670,창동,15,13,20250716
2024,여주시,41670,천송동,21,3,20250716
2023,여주시,41670,천송동,22,20,20250716
2022,여주시,41670,천송동,27,24,20250716
2021,여주시,41670,천송동,95,76,20250716
2020,여주시,41670,천송동,29,26,20250716
2024,여주시,41670,하거동,4,21,20250716
2023,여주시,41670,하거동,3,3,20250716
2022,여주시,41670,하거동,6,5,20250716
2021,여주시,41670,하거동,15,4,20250716
2020,여주시,41670,하거동,2,2,20250716
2024,여주시,41670,하동,7,7,20250716
2023,여주시,41670,하동,25,23,20250716
2022,여주시,41670,하동,31,30,20250716
2021,여주시,41670,하동,66,60,20250716
2020,여주시,41670,하동,24,22,20250716
2024,여주시,41670,현암동,26,17,20250716
2023,여주시,41670,현암동,63,55,20250716
2022,여주시,41670,현암동,49,45,20250716
2021,여주시,41670,현암동,150,113,20250716
2020,여주시,41670,현암동,58,46,20250716
2024,여주시,41670,홍문동,18,14,20250716
2023,여주시,41670,홍문동,36,34,20250716
2022,여주시,41670,홍문동,75,28,20250716
2021,여주시,41670,홍문동,70,59,20250716
2020,여주시,41670,홍문동,37,32,20250716
2024,여주시,41670,흥천면,17,17,20250716
2023,여주시,41670,흥천면,41,26,20250716
2022,여주시,41670,흥천면,32,26,20250716
2021,여주시,41670,흥천면,111,66,20250716
2020,여주시,41670,흥천면,38,28,20250716
2024,연천군,41800,군남면,200,126,20240306
2024,연천군,41800,미산면,307,81,20240306
2024,연천군,41800,백학면,139,93,20240306
2024,연천군,41800,신서면,148,96,20240306
2024,연천군,41800,연천읍,381,247,20240306
2024,연천군,41800,왕징면,42,26,20240306
2024,연천군,41800,장남면,52,34,20240306
2024,연천군,41800,전곡읍,1208,863,20240306
2024,연천군,41800,중면,14,8,20240306
2024,연천군,41800,청산면,341,209,20240306
2025,오산시,41370,가수동,437,309,20250710
2025,오산시,41370,가장동,26,19,20250710
2025,오산시,41370,갈곶동,891,686,20250710
2025,오산시,41370,고현동,331,248,20250710
2025,오산시,41370,궐동,2215,1644,20250710
2025,오산시,41370,금암동,1742,1314,20250710
2025,오산시,41370,내삼미동,821,617,20250710
2025,오산시,41370,누읍동,557,423,20250710
2025,오산시,41370,두곡동,25,12,20250710
2025,오산시,41370,벌음동,29,19,20250710
2025,오산시,41370,부산동,1150,911,20250710
2025,오산시,41370,서동,361,279,20250710
2025,오산시,41370,서랑동,25,18,20250710
2025,오산시,41370,세교동,622,472,20250710
2025,오산시,41370,수청동,1122,862,20250710
2025,오산시,41370,양산동,709,547,20250710
2025,오산시,41370,오산동,1597,1236,20250710
2025,오산시,41370,외삼미동,485,340,20250710
2025,오산시,41370,원동,3095,2420,20250710
2025,오산시,41370,은계동,424,302,20250710
2025,오산시,41370,지곶동,408,312,20250710
2025,오산시,41370,청학동,258,182,20250710
2025,오산시,41370,청호동,612,470,20250710
2025,오산시,41370,탑동,100,65,20250710
2023,용인시,41460,고기동,512,335,20230630
2022,용인시,41460,고기동,499,325,20230630
2021,용인시,41460,고기동,458,297,20230630
2020,용인시,41460,고기동,376,243,20230630
2023,용인시,41460,고림동,1358,1358,20230630
2022,용인시,41460,고림동,1744,1306,20230630
2021,용인시,41460,고림동,1589,1203,20230630
2020,용인시,41460,고림동,1307,985,20230630
2023,용인시,41460,고매동,472,321,20230630
2022,용인시,41460,고매동,457,311,20230630
2021,용인시,41460,고매동,410,277,20230630
2020,용인시,41460,고매동,338,227,20230630
2023,용인시,41460,공세동,1417,1021,20230630
2022,용인시,41460,공세동,1361,980,20230630
2021,용인시,41460,공세동,1250,904,20230630
2020,용인시,41460,공세동,1045,767,20230630
2023,용인시,41460,구갈동,2505,1925,20230630
2022,용인시,41460,구갈동,2418,1868,20230630
2021,용인시,41460,구갈동,2189,1709,20230630
2020,용인시,41460,구갈동,1749,1378,20230630
2023,용인시,41460,김량장동,1441,1134,20230630
2022,용인시,41460,김량장동,1387,1094,20230630
2021,용인시,41460,김량장동,1253,994,20230630
2020,용인시,41460,김량장동,1076,863,20230630
2023,용인시,41460,남동,272,272,20230630
2022,용인시,41460,남동,455,261,20230630
2021,용인시,41460,남동,400,234,20230630
2020,용인시,41460,남동,293,182,20230630
2023,용인시,41460,남사읍,1495,995,20230630
2022,용인시,41460,남사읍,1435,957,20230630
2021,용인시,41460,남사읍,1240,833,20230630
2020,용인시,41460,남사읍,981,651,20230630
2023,용인시,41460,농서동,215,171,20230630
2022,용인시,41460,농서동,206,164,20230630
2021,용인시,41460,농서동,184,145,20230630
2020,용인시,41460,농서동,155,122,20230630
2023,용인시,41460,동백동,2179,1749,20230630
2022,용인시,41460,동백동,2099,1692,20230630
2021,용인시,41460,동백동,1865,1503,20230630
2020,용인시,41460,동백동,1539,1223,20230630
2023,용인시,41460,동천동,2717,2062,20230630
2022,용인시,41460,동천동,2612,1995,20230630
2021,용인시,41460,동천동,2351,1795,20230630
2020,용인시,41460,동천동,1935,1464,20230630
2023,용인시,41460,마북동,2195,1660,20230630
2022,용인시,41460,마북동,2144,1628,20230630
2021,용인시,41460,마북동,1996,1508,20230630
2020,용인시,41460,마북동,1651,1288,20230630
2023,용인시,41460,마평동,740,560,20230630
2022,용인시,41460,마평동,714,545,20230630
2021,용인시,41460,마평동,650,504,20230630
2020,용인시,41460,마평동,555,431,20230630
2023,용인시,41460,모현읍,2237,1487,20230630
2022,용인시,41460,모현읍,2155,1436,20230630
2021,용인시,41460,모현읍,1912,1283,20230630
2020,용인시,41460,모현읍,1502,1002,20230630
2023,용인시,41460,백암면,877,440,20230630
2022,용인시,41460,백암면,830,421,20230630
2021,용인시,41460,백암면,726,389,20230630
2020,용인시,41460,백암면,542,306,20230630
2023,용인시,41460,보라동,1932,1490,20230630
2022,용인시,41460,보라동,1867,1449,20230630
2021,용인시,41460,보라동,1695,1323,20230630
2020,용인시,41460,보라동,1422,1114,20230630
2023,용인시,41460,보정동,2377,1890,20230630
2022,용인시,41460,보정동,2319,1847,20230630
2021,용인시,41460,보정동,2175,1737,20230630
2020,용인시,41460,보정동,1838,1460,20230630
2023,용인시,41460,삼가동,883,658,20230630
2022,용인시,41460,삼가동,848,642,20230630
2021,용인시,41460,삼가동,789,603,20230630
2020,용인시,41460,삼가동,655,514,20230630
2023,용인시,41460,상갈동,672,525,20230630
2022,용인시,41460,상갈동,650,509,20230630
2021,용인시,41460,상갈동,581,468,20230630
2020,용인시,41460,상갈동,487,393,20230630
2023,용인시,41460,상하동,1792,1357,20230630
2022,용인시,41460,상하동,1733,1320,20230630
2021,용인시,41460,상하동,1595,1233,20230630
2020,용인시,41460,상하동,1359,1044,20230630
2023,용인시,41460,상현동,5451,4321,20230630
2022,용인시,41460,상현동,5293,4200,20230630
2021,용인시,41460,상현동,4867,3890,20230630
2020,용인시,41460,상현동,4192,3374,20230630
2023,용인시,41460,서천동,1136,866,20230630
2022,용인시,41460,서천동,1099,842,20230630
2021,용인시,41460,서천동,978,760,20230630
2020,용인시,41460,서천동,784,620,20230630
2023,용인시,41460,성복동,4123,3019,20230630
2022,용인시,41460,성복동,3987,2940,20230630
2021,용인시,41460,성복동,3656,2703,20230630
2020,용인시,41460,성복동,3058,2247,20230630
2023,용인시,41460,신갈동,2193,1721,20230630
2022,용인시,41460,신갈동,2121,1676,20230630
2021,용인시,41460,신갈동,1964,1565,20230630
2020,용인시,41460,신갈동,1675,1342,20230630
2023,용인시,41460,신봉동,2865,2193,20230630
2022,용인시,41460,신봉동,2782,2137,20230630
2021,용인시,41460,신봉동,2569,1982,20230630
2020,용인시,41460,신봉동,2214,1719,20230630
2023,용인시,41460,양지면,2108,1334,20230630
2022,용인시,41460,양지면,2037,1288,20230630
2021,용인시,41460,양지면,1863,1182,20230630
2020,용인시,41460,양지면,1552,985,20230630
2023,용인시,41460,언남동,1256,1013,20230630
2022,용인시,41460,언남동,1217,986,20230630
2021,용인시,41460,언남동,1110,903,20230630
2020,용인시,41460,언남동,913,744,20230630
2023,용인시,41460,역북동,1842,1396,20230630
2022,용인시,41460,역북동,1757,1339,20230630
2021,용인시,41460,역북동,1591,1224,20230630
2020,용인시,41460,역북동,1266,981,20230630
2023,용인시,41460,영덕동,2663,2063,20230630
2022,용인시,41460,영덕동,2582,2001,20230630
2021,용인시,41460,영덕동,2356,1840,20230630
2020,용인시,41460,영덕동,1949,1533,20230630
2023,용인시,41460,운학동,148,97,20230630
2022,용인시,41460,운학동,147,96,20230630
2021,용인시,41460,운학동,130,85,20230630
2020,용인시,41460,운학동,114,73,20230630
2023,용인시,41460,원삼면,987,601,20230630
2022,용인시,41460,원삼면,947,579,20230630
2021,용인시,41460,원삼면,862,527,20230630
2020,용인시,41460,원삼면,736,448,20230630
2023,용인시,41460,유방동,1041,736,20230630
2022,용인시,41460,유방동,1000,710,20230630
2021,용인시,41460,유방동,883,660,20230630
2020,용인시,41460,유방동,730,567,20230630
2023,용인시,41460,이동읍,2208,1189,20230630
2022,용인시,41460,이동읍,2025,1147,20230630
2021,용인시,41460,이동읍,1782,1046,20230630
2020,용인시,41460,이동읍,1440,885,20230630
2023,용인시,41460,죽전동,4704,3806,20230630
2022,용인시,41460,죽전동,4580,3714,20230630
2021,용인시,41460,죽전동,4262,3469,20230630
2020,용인시,41460,죽전동,3697,3016,20230630
2023,용인시,41460,중동,3372,2436,20230630
2022,용인시,41460,중동,3239,2344,20230630
2021,용인시,41460,중동,2940,2133,20230630
2020,용인시,41460,중동,2401,1746,20230630
2023,용인시,41460,지곡동,371,256,20230630
2022,용인시,41460,지곡동,358,246,20230630
2021,용인시,41460,지곡동,322,226,20230630
2020,용인시,41460,지곡동,277,195,20230630
2023,용인시,41460,청덕동,1061,826,20230630
2022,용인시,41460,청덕동,1023,803,20230630
2021,용인시,41460,청덕동,924,731,20230630
2020,용인시,41460,청덕동,767,606,20230630
2023,용인시,41460,포곡읍,2798,1919,20230630
2022,용인시,41460,포곡읍,2669,1841,20230630
2021,용인시,41460,포곡읍,2372,1695,20230630
2020,용인시,41460,포곡읍,1937,1413,20230630
2023,용인시,41460,풍덕천동,4916,3895,20230630
2022,용인시,41460,풍덕천동,4784,3805,20230630
2021,용인시,41460,풍덕천동,4442,3584,20230630
2020,용인시,41460,풍덕천동,3881,3170,20230630
2023,용인시,41460,하갈동,366,248,20230630
2022,용인시,41460,하갈동,359,244,20230630
2021,용인시,41460,하갈동,327,222,20230630
2020,용인시,41460,하갈동,280,193,20230630
2023,용인시,41460,해곡동,21,16,20230630
2022,용인시,41460,해곡동,21,16,20230630
2021,용인시,41460,해곡동,17,13,20230630
2020,용인시,41460,해곡동,9,7,20230630
2023,용인시,41460,호동,38,38,20230630
2022,용인시,41460,호동,56,37,20230630
2021,용인시,41460,호동,55,36,20230630
2020,용인시,41460,호동,47,31,20230630
2025,의왕시,41430,고천동,344,270,20250714
2025,의왕시,41430,내손동,2506,1918,20250714
2025,의왕시,41430,삼동,1557,1139,20250714
2025,의왕시,41430,오전동,2255,1762,20250714
2025,의왕시,41430,왕곡동,424,325,20250714
2025,의왕시,41430,월암동,69,38,20250714
2025,의왕시,41430,이동,82,59,20250714
2025,의왕시,41430,청계동,573,419,20250714
2025,의왕시,41430,초평동,149,94,20250714
2025,의왕시,41430,포일동,1382,1070,20250714
2025,의왕시,41430,학의동,654,457,20250714
2023,의정부시,41150,가능동,262,233,20230905
2022,의정부시,41150,가능동,404,344,20230905
2021,의정부시,41150,가능동,747,621,20230905
2020,의정부시,41150,가능동,340,292,20230905
2023,의정부시,41150,고산동,70,57,20230905
2022,의정부시,41150,고산동,96,86,20230905
2021,의정부시,41150,고산동,136,111,20230905
2020,의정부시,41150,고산동,19,19,20230905
2023,의정부시,41150,금오동,85,76,20230905
2022,의정부시,41150,금오동,158,136,20230905
2021,의정부시,41150,금오동,320,269,20230905
2020,의정부시,41150,금오동,142,114,20230905
2023,의정부시,41150,낙양동,119,109,20230905
2022,의정부시,41150,낙양동,222,193,20230905
2021,의정부시,41150,낙양동,389,331,20230905
2020,의정부시,41150,낙양동,198,184,20230905
2023,의정부시,41150,녹양동,104,61,20230905
2022,의정부시,41150,녹양동,145,119,20230905
2021,의정부시,41150,녹양동,246,209,20230905
2020,의정부시,41150,녹양동,108,96,20230905
2023,의정부시,41150,민락동,216,196,20230905
2022,의정부시,41150,민락동,385,338,20230905
2021,의정부시,41150,민락동,669,589,20230905
2020,의정부시,41150,민락동,313,290,20230905
2023,의정부시,41150,산곡동,52,52,20230905
2022,의정부시,41150,산곡동,81,69,20230905
2021,의정부시,41150,산곡동,99,91,20230905
2020,의정부시,41150,산곡동,48,44,20230905
2023,의정부시,41150,신곡동,359,277,20230905
2022,의정부시,41150,신곡동,510,432,20230905
2021,의정부시,41150,신곡동,931,812,20230905
2020,의정부시,41150,신곡동,475,412,20230905
2023,의정부시,41150,용현동,142,126,20230905
2022,의정부시,41150,용현동,204,178,20230905
2021,의정부시,41150,용현동,286,255,20230905
2020,의정부시,41150,용현동,180,159,20230905
2023,의정부시,41150,의정부동,383,352,20230905
2022,의정부시,41150,의정부동,745,627,20230905
2021,의정부시,41150,의정부동,1994,1704,20230905
2020,의정부시,41150,의정부동,574,507,20230905
2023,의정부시,41150,자일동,2,2,20230905
2022,의정부시,41150,자일동,7,5,20230905
2021,의정부시,41150,자일동,10,5,20230905
2020,의정부시,41150,자일동,5,3,20230905
2023,의정부시,41150,장암동,56,51,20230905
2022,의정부시,41150,장암동,90,85,20230905
2021,의정부시,41150,장암동,213,180,20230905
2020,의정부시,41150,장암동,106,98,20230905
2023,의정부시,41150,호원동,201,177,20230905
2022,의정부시,41150,호원동,406,359,20230905
2021,의정부시,41150,호원동,722,629,20230905
2020,의정부시,41150,호원동,327,283,20230905
2025,이천시,41500,갈산동,868,622,20251107
2024,이천시,41500,갈산동,819,594,20251107
2023,이천시,41500,갈산동,767,564,20251107
2022,이천시,41500,갈산동,725,534,20251107
2021,이천시,41500,갈산동,125,107,20251107
2020,이천시,41500,갈산동,71,61,20251107
2025,이천시,41500,고담동,147,99,20251107
2024,이천시,41500,고담동,133,92,20251107
2023,이천시,41500,고담동,112,80,20251107
2022,이천시,41500,고담동,103,77,20251107
2021,이천시,41500,고담동,21,19,20251107
2020,이천시,41500,고담동,9,8,20251107
2025,이천시,41500,관고동,530,393,20251107
2024,이천시,41500,관고동,491,366,20251107
2023,이천시,41500,관고동,447,344,20251107
2022,이천시,41500,관고동,432,332,20251107
2021,이천시,41500,관고동,75,58,20251107
2020,이천시,41500,관고동,34,32,20251107
2025,이천시,41500,단월동,51,35,20251107
2024,이천시,41500,단월동,52,35,20251107
2023,이천시,41500,단월동,53,35,20251107
2022,이천시,41500,단월동,47,32,20251107
2021,이천시,41500,단월동,12,10,20251107
2020,이천시,41500,단월동,3,3,20251107
2025,이천시,41500,대월면,1072,725,20251107
2024,이천시,41500,대월면,964,666,20251107
2023,이천시,41500,대월면,902,621,20251107
2022,이천시,41500,대월면,851,582,20251107
2021,이천시,41500,대월면,162,131,20251107
2020,이천시,41500,대월면,82,68,20251107
2025,이천시,41500,대포동,103,44,20251107
2024,이천시,41500,대포동,101,42,20251107
2023,이천시,41500,대포동,98,39,20251107
2022,이천시,41500,대포동,96,38,20251107
2021,이천시,41500,대포동,11,8,20251107
2020,이천시,41500,대포동,19,8,20251107
2025,이천시,41500,마장면,1323,905,20251107
2024,이천시,41500,마장면,1161,807,20251107
2023,이천시,41500,마장면,1044,730,20251107
2022,이천시,41500,마장면,962,679,20251107
2021,이천시,41500,마장면,203,164,20251107
2020,이천시,41500,마장면,120,103,20251107
2025,이천시,41500,모가면,404,185,20251107
2024,이천시,41500,모가면,361,177,20251107
2023,이천시,41500,모가면,331,163,20251107
2022,이천시,41500,모가면,313,151,20251107
2021,이천시,41500,모가면,62,39,20251107
2020,이천시,41500,모가면,57,24,20251107
2025,이천시,41500,백사면,1243,806,20251107
2024,이천시,41500,백사면,1106,723,20251107
2023,이천시,41500,백사면,977,647,20251107
2022,이천시,41500,백사면,937,623,20251107
2021,이천시,41500,백사면,200,160,20251107
2020,이천시,41500,백사면,75,67,20251107
2025,이천시,41500,부발읍,2724,1948,20251107
2024,이천시,41500,부발읍,2501,1803,20251107
2023,이천시,41500,부발읍,2333,1689,20251107
2022,이천시,41500,부발읍,2214,1606,20251107
2021,이천시,41500,부발읍,398,341,20251107
2020,이천시,41500,부발읍,208,182,20251107
2025,이천시,41500,사음동,371,253,20251107
2024,이천시,41500,사음동,328,228,20251107
2023,이천시,41500,사음동,309,215,20251107
2022,이천시,41500,사음동,291,208,20251107
2021,이천시,41500,사음동,52,47,20251107
2020,이천시,41500,사음동,35,30,20251107
2025,이천시,41500,설성면,297,176,20251107
2024,이천시,41500,설성면,382,162,20251107
2023,이천시,41500,설성면,368,154,20251107
2022,이천시,41500,설성면,352,145,20251107
2021,이천시,41500,설성면,49,29,20251107
2020,이천시,41500,설성면,119,18,20251107
2025,이천시,41500,송정동,1034,767,20251107
2024,이천시,41500,송정동,949,715,20251107
2023,이천시,41500,송정동,879,658,20251107
2022,이천시,41500,송정동,838,627,20251107
2021,이천시,41500,송정동,156,132,20251107
2020,이천시,41500,송정동,86,76,20251107
2025,이천시,41500,신둔면,1496,922,20251107
2024,이천시,41500,신둔면,1405,874,20251107
2023,이천시,41500,신둔면,1273,786,20251107
2022,이천시,41500,신둔면,1216,751,20251107
2021,이천시,41500,신둔면,249,182,20251107
2020,이천시,41500,신둔면,140,103,20251107
2025,이천시,41500,안흥동,637,453,20251107
2024,이천시,41500,안흥동,567,413,20251107
2023,이천시,41500,안흥동,477,357,20251107
2022,이천시,41500,안흥동,439,329,20251107
2021,이천시,41500,안흥동,81,69,20251107
2020,이천시,41500,안흥동,56,46,20251107
2025,이천시,41500,율면,196,101,20251107
2024,이천시,41500,율면,189,96,20251107
2023,이천시,41500,율면,180,89,20251107
2022,이천시,41500,율면,177,86,20251107
2021,이천시,41500,율면,46,23,20251107
2020,이천시,41500,율면,8,7,20251107
2025,이천시,41500,율현동,32,22,20251107
2024,이천시,41500,율현동,27,21,20251107
2023,이천시,41500,율현동,25,19,20251107
2022,이천시,41500,율현동,24,18,20251107
2021,이천시,41500,율현동,9,5,20251107
2020,이천시,41500,율현동,2,2,20251107
2025,이천시,41500,장록동,58,34,20251107
2024,이천시,41500,장록동,55,33,20251107
2023,이천시,41500,장록동,55,32,20251107
2022,이천시,41500,장록동,52,31,20251107
2021,이천시,41500,장록동,14,6,20251107
2020,이천시,41500,장록동,7,3,20251107
2025,이천시,41500,장호원읍,952,598,20251107
2024,이천시,41500,장호원읍,890,554,20251107
2023,이천시,41500,장호원읍,828,499,20251107
2022,이천시,41500,장호원읍,773,468,20251107
2021,이천시,41500,장호원읍,144,114,20251107
2020,이천시,41500,장호원읍,55,41,20251107
2025,이천시,41500,중리동,595,432,20251107
2024,이천시,41500,중리동,563,419,20251107
2023,이천시,41500,중리동,536,399,20251107
2022,이천시,41500,중리동,501,372,20251107
2021,이천시,41500,중리동,108,92,20251107
2020,이천시,41500,중리동,43,38,20251107
2025,이천시,41500,증일동,126,94,20251107
2024,이천시,41500,증일동,105,80,20251107
2023,이천시,41500,증일동,87,66,20251107
2022,이천시,41500,증일동,80,62,20251107
2021,이천시,41500,증일동,26,18,20251107
2020,이천시,41500,증일동,6,6,20251107
2025,이천시,41500,증포동,1267,980,20251107
2024,이천시,41500,증포동,1187,922,20251107
2023,이천시,41500,증포동,1107,863,20251107
2022,이천시,41500,증포동,1046,817,20251107
2021,이천시,41500,증포동,194,179,20251107
2020,이천시,41500,증포동,116,106,20251107
2025,이천시,41500,진리동,46,30,20251107
2024,이천시,41500,진리동,43,29,20251107
2023,이천시,41500,진리동,42,29,20251107
2022,이천시,41500,진리동,42,29,20251107
2021,이천시,41500,진리동,7,5,20251107
2020,이천시,41500,진리동,2,2,20251107
2025,이천시,41500,창전동,1422,1066,20251107
2024,이천시,41500,창전동,1344,1015,20251107
2023,이천시,41500,창전동,1283,977,20251107
2022,이천시,41500,창전동,1224,937,20251107
2021,이천시,41500,창전동,217,188,20251107
2020,이천시,41500,창전동,130,112,20251107
2025,이천시,41500,호법면,454,290,20251107
2024,이천시,41500,호법면,405,258,20251107
2023,이천시,41500,호법면,367,233,20251107
2022,이천시,41500,호법면,345,218,20251107
2021,이천시,41500,호법면,94,64,20251107
2020,이천시,41500,호법면,35,27,20251107
2025,파주시,41480,검산동,396,276,20250520
2024,파주시,41480,검산동,12,9,20250520
2023,파주시,41480,검산동,29,25,20250520
2022,파주시,41480,검산동,42,35,20250520
2021,파주시,41480,검산동,54,50,20250520
2020,파주시,41480,검산동,31,27,20250520
2025,파주시,41480,광탄면,1412,588,20250520
2024,파주시,41480,광탄면,7,7,20250520
2023,파주시,41480,광탄면,189,90,20250520
2022,파주시,41480,광탄면,224,72,20250520
2021,파주시,41480,광탄면,356,106,20250520
2020,파주시,41480,광탄면,83,50,20250520
2025,파주시,41480,교하동,248,83,20250520
2024,파주시,41480,교하동,2,2,20250520
2023,파주시,41480,교하동,12,9,20250520
2022,파주시,41480,교하동,11,10,20250520
2021,파주시,41480,교하동,30,17,20250520
2020,파주시,41480,교하동,8,5,20250520
2025,파주시,41480,교하읍,372,302,20250520
2022,파주시,41480,교하읍,2,2,20250520
2021,파주시,41480,교하읍,1,1,20250520
2025,파주시,41480,군내면,19,14,20250520
2024,파주시,41480,군내면,1,1,20250520
2023,파주시,41480,군내면,3,3,20250520
2022,파주시,41480,군내면,3,2,20250520
2021,파주시,41480,군내면,6,5,20250520
2025,파주시,41480,금능동,33,27,20250520
2025,파주시,41480,금릉동,281,198,20250520
2024,파주시,41480,금릉동,2,2,20250520
2023,파주시,41480,금릉동,25,24,20250520
2022,파주시,41480,금릉동,28,24,20250520
2021,파주시,41480,금릉동,71,42,20250520
2020,파주시,41480,금릉동,17,15,20250520
2025,파주시,41480,금촌동,3850,2848,20250520
2024,파주시,41480,금촌동,38,33,20250520
2023,파주시,41480,금촌동,256,232,20250520
2022,파주시,41480,금촌동,285,262,20250520
2021,파주시,41480,금촌동,537,460,20250520
2020,파주시,41480,금촌동,303,254,20250520
2025,파주시,41480,다율동,1160,901,20250520
2024,파주시,41480,다율동,22,21,20250520
2023,파주시,41480,다율동,121,106,20250520
2022,파주시,41480,다율동,143,127,20250520
2021,파주시,41480,다율동,163,140,20250520
2020,파주시,41480,다율동,56,49,20250520
2025,파주시,41480,당하동,269,186,20250520
2024,파주시,41480,당하동,5,4,20250520
2023,파주시,41480,당하동,55,49,20250520
2022,파주시,41480,당하동,40,34,20250520
2021,파주시,41480,당하동,45,38,20250520
2020,파주시,41480,당하동,12,11,20250520
2025,파주시,41480,동패동,4267,3134,20250520
2024,파주시,41480,동패동,66,64,20250520
2023,파주시,41480,동패동,432,371,20250520
2022,파주시,41480,동패동,440,382,20250520
2021,파주시,41480,동패동,763,652,20250520
2020,파주시,41480,동패동,269,245,20250520
2025,파주시,41480,맥금동,51,34,20250520
2023,파주시,41480,맥금동,11,4,20250520
2022,파주시,41480,맥금동,5,5,20250520
2021,파주시,41480,맥금동,6,5,20250520
2020,파주시,41480,맥금동,4,3,20250520
2025,파주시,41480,목동동,4695,3582,20250520
2024,파주시,41480,목동동,66,64,20250520
2023,파주시,41480,목동동,406,363,20250520
2022,파주시,41480,목동동,399,369,20250520
2021,파주시,41480,목동동,863,772,20250520
2020,파주시,41480,목동동,408,367,20250520
2025,파주시,41480,문발동,859,593,20250520
2024,파주시,41480,문발동,9,8,20250520
2023,파주시,41480,문발동,85,73,20250520
2022,파주시,41480,문발동,66,53,20250520
2021,파주시,41480,문발동,147,119,20250520
2020,파주시,41480,문발동,74,60,20250520
2025,파주시,41480,문산읍,3739,2638,20250520
2024,파주시,41480,문산읍,51,47,20250520
2023,파주시,41480,문산읍,324,262,20250520
2022,파주시,41480,문산읍,355,303,20250520
2021,파주시,41480,문산읍,645,539,20250520
2020,파주시,41480,문산읍,219,182,20250520
2025,파주시,41480,법원읍,2245,703,20250520
2024,파주시,41480,법원읍,7,6,20250520
2023,파주시,41480,법원읍,119,91,20250520
2022,파주시,41480,법원읍,100,71,20250520
2021,파주시,41480,법원읍,241,172,20250520
2020,파주시,41480,법원읍,49,41,20250520
2025,파주시,41480,산남동,183,111,20250520
2024,파주시,41480,산남동,2,2,20250520
2023,파주시,41480,산남동,9,9,20250520
2022,파주시,41480,산남동,14,13,20250520
2021,파주시,41480,산남동,27,19,20250520
2020,파주시,41480,산남동,32,14,20250520
2025,파주시,41480,상지석동,911,453,20250520
2024,파주시,41480,상지석동,15,9,20250520
2023,파주시,41480,상지석동,142,56,20250520
2022,파주시,41480,상지석동,76,53,20250520
2021,파주시,41480,상지석동,158,111,20250520
2020,파주시,41480,상지석동,66,56,20250520
2025,파주시,41480,서패동,55,37,20250520
2023,파주시,41480,서패동,11,8,20250520
2022,파주시,41480,서패동,1,1,20250520
2021,파주시,41480,서패동,10,6,20250520
2020,파주시,41480,서패동,7,6,20250520
2025,파주시,41480,송촌동,66,31,20250520
2024,파주시,41480,송촌동,1,1,20250520
2023,파주시,41480,송촌동,5,4,20250520
2021,파주시,41480,송촌동,18,9,20250520
2025,파주시,41480,신촌동,67,52,20250520
2024,파주시,41480,신촌동,3,2,20250520
2023,파주시,41480,신촌동,5,5,20250520
2022,파주시,41480,신촌동,5,4,20250520
2021,파주시,41480,신촌동,18,16,20250520
2020,파주시,41480,신촌동,4,3,20250520
2025,파주시,41480,아동동,1207,901,20250520
2024,파주시,41480,아동동,10,10,20250520
2023,파주시,41480,아동동,87,74,20250520
2022,파주시,41480,아동동,112,88,20250520
2021,파주시,41480,아동동,206,171,20250520
2020,파주시,41480,아동동,92,81,20250520
2025,파주시,41480,야당동,4771,3316,20250520
2024,파주시,41480,야당동,52,44,20250520
2023,파주시,41480,야당동,391,323,20250520
2022,파주시,41480,야당동,489,393,20250520
2021,파주시,41480,야당동,876,672,20250520
2020,파주시,41480,야당동,435,295,20250520
2025,파주시,41480,야동동,428,306,20250520
2024,파주시,41480,야동동,4,4,20250520
2023,파주시,41480,야동동,34,29,20250520
2022,파주시,41480,야동동,44,39,20250520
2021,파주시,41480,야동동,73,62,20250520
2020,파주시,41480,야동동,28,27,20250520
2025,파주시,41480,연다산동,77,42,20250520
2023,파주시,41480,연다산동,5,4,20250520
2022,파주시,41480,연다산동,7,5,20250520
2021,파주시,41480,연다산동,29,14,20250520
2025,파주시,41480,오도동,75,42,20250520
2024,파주시,41480,오도동,1,1,20250520
2023,파주시,41480,오도동,3,2,20250520
2022,파주시,41480,오도동,10,9,20250520
2021,파주시,41480,오도동,4,3,20250520
2025,파주시,41480,와동동,3307,2530,20250520
2024,파주시,41480,와동동,37,36,20250520
2023,파주시,41480,와동동,296,235,20250520
2022,파주시,41480,와동동,501,331,20250520
2021,파주시,41480,와동동,808,497,20250520
2020,파주시,41480,와동동,521,225,20250520
2025,파주시,41480,월롱면,693,435,20250520
2024,파주시,41480,월롱면,2,2,20250520
2023,파주시,41480,월롱면,62,55,20250520
2022,파주시,41480,월롱면,62,49,20250520
2021,파주시,41480,월롱면,109,81,20250520
2020,파주시,41480,월롱면,42,32,20250520
2025,파주시,41480,적성면,511,348,20250520
2024,파주시,41480,적성면,3,3,20250520
2023,파주시,41480,적성면,85,63,20250520
2022,파주시,41480,적성면,68,57,20250520
2021,파주시,41480,적성면,87,63,20250520
2020,파주시,41480,적성면,34,31,20250520
2025,파주시,41480,조리읍,2231,1533,20250520
2024,파주시,41480,조리읍,23,23,20250520
2023,파주시,41480,조리읍,169,134,20250520
2022,파주시,41480,조리읍,183,158,20250520
2021,파주시,41480,조리읍,404,316,20250520
2020,파주시,41480,조리읍,144,116,20250520
2025,파주시,41480,진동면,10,5,20250520
2023,파주시,41480,진동면,1,1,20250520
2021,파주시,41480,진동면,2,1,20250520
2020,파주시,41480,진동면,1,1,20250520
2025,파주시,41480,탄현면,1368,855,20250520
2024,파주시,41480,탄현면,18,17,20250520
2023,파주시,41480,탄현면,99,85,20250520
2022,파주시,41480,탄현면,141,105,20250520
2021,파주시,41480,탄현면,215,165,20250520
2020,파주시,41480,탄현면,113,79,20250520
2025,파주시,41480,파주읍,1431,857,20250520
2024,파주시,41480,파주읍,10,8,20250520
2023,파주시,41480,파주읍,154,122,20250520
2022,파주시,41480,파주읍,134,110,20250520
2021,파주시,41480,파주읍,237,181,20250520
2020,파주시,41480,파주읍,76,64,20250520
2025,파주시,41480,파평면,310,187,20250520
2024,파주시,41480,파평면,13,4,20250520
2023,파주시,41480,파평면,36,29,20250520
2022,파주시,41480,파평면,27,20,20250520
2021,파주시,41480,파평면,71,44,20250520
2020,파주시,41480,파평면,13,12,20250520
2025,파주시,41480,하지석동,86,45,20250520
2024,파주시,41480,하지석동,2,2,20250520
2023,파주시,41480,하지석동,10,6,20250520
2022,파주시,41480,하지석동,8,7,20250520
2021,파주시,41480,하지석동,17,11,20250520
2020,파주시,41480,하지석동,3,3,20250520
2024,평택시,41220,가재동,18,16,20250228
2023,평택시,41220,가재동,9,9,20250228
2022,평택시,41220,가재동,23,21,20250228
2021,평택시,41220,가재동,28,26,20250228
2020,평택시,41220,가재동,16,14,20250228
2019,평택시,41220,가재동,72,47,20250228
2018,평택시,41220,가재동,10,10,20250228
2017,평택시,41220,가재동,4,4,20250228
2016,평택시,41220,가재동,3,2,20250228
2015,평택시,41220,가재동,9,7,20250228
2014,평택시,41220,가재동,14,13,20250228
2024,평택시,41220,고덕동,394,346,20250228
2023,평택시,41220,고덕동,327,282,20250228
2022,평택시,41220,고덕동,323,287,20250228
2021,평택시,41220,고덕동,105,87,20250228
2020,평택시,41220,고덕동,55,46,20250228
2019,평택시,41220,고덕동,105,86,20250228
2018,평택시,41220,고덕동,32,27,20250228
2017,평택시,41220,고덕동,24,19,20250228
2016,평택시,41220,고덕동,18,17,20250228
2015,평택시,41220,고덕동,10,10,20250228
2014,평택시,41220,고덕동,31,22,20250228
2024,평택시,41220,고덕면,104,91,20250228
2023,평택시,41220,고덕면,101,88,20250228
2022,평택시,41220,고덕면,126,107,20250228
2021,평택시,41220,고덕면,373,308,20250228
2020,평택시,41220,고덕면,132,107,20250228
2019,평택시,41220,고덕면,563,363,20250228
2018,평택시,41220,고덕면,62,45,20250228
2017,평택시,41220,고덕면,36,27,20250228
2016,평택시,41220,고덕면,38,29,20250228
2015,평택시,41220,고덕면,39,35,20250228
2014,평택시,41220,고덕면,52,39,20250228
2024,평택시,41220,군문동,28,21,20250228
2023,평택시,41220,군문동,19,17,20250228
2022,평택시,41220,군문동,30,23,20250228
2021,평택시,41220,군문동,34,31,20250228
2020,평택시,41220,군문동,19,15,20250228
2019,평택시,41220,군문동,65,50,20250228
2018,평택시,41220,군문동,11,10,20250228
2017,평택시,41220,군문동,10,9,20250228
2016,평택시,41220,군문동,4,4,20250228
2015,평택시,41220,군문동,6,6,20250228
2014,평택시,41220,군문동,12,11,20250228
2024,평택시,41220,도일동,1,1,20250228
2023,평택시,41220,도일동,12,8,20250228
2022,평택시,41220,도일동,5,5,20250228
2021,평택시,41220,도일동,9,9,20250228
2020,평택시,41220,도일동,3,3,20250228
2019,평택시,41220,도일동,52,24,20250228
2018,평택시,41220,도일동,11,7,20250228
2016,평택시,41220,도일동,2,1,20250228
2015,평택시,41220,도일동,1,1,20250228
2014,평택시,41220,도일동,7,4,20250228
2024,평택시,41220,독곡동,44,36,20250228
2023,평택시,41220,독곡동,37,31,20250228
2022,평택시,41220,독곡동,65,52,20250228
2021,평택시,41220,독곡동,89,80,20250228
2020,평택시,41220,독곡동,40,34,20250228
2019,평택시,41220,독곡동,181,142,20250228
2018,평택시,41220,독곡동,31,25,20250228
2017,평택시,41220,독곡동,17,14,20250228
2016,평택시,41220,독곡동,26,17,20250228
2015,평택시,41220,독곡동,18,15,20250228
2014,평택시,41220,독곡동,47,38,20250228
2024,평택시,41220,동삭동,316,261,20250228
2023,평택시,41220,동삭동,309,282,20250228
2022,평택시,41220,동삭동,317,288,20250228
2021,평택시,41220,동삭동,499,426,20250228
2020,평택시,41220,동삭동,216,190,20250228
2019,평택시,41220,동삭동,490,398,20250228
2018,평택시,41220,동삭동,102,90,20250228
2017,평택시,41220,동삭동,63,56,20250228
2016,평택시,41220,동삭동,49,43,20250228
2015,평택시,41220,동삭동,55,47,20250228
2014,평택시,41220,동삭동,68,62,20250228
2024,평택시,41220,모곡동,3,3,20250228
2023,평택시,41220,모곡동,1,1,20250228
2021,평택시,41220,모곡동,2,2,20250228
2020,평택시,41220,모곡동,1,1,20250228
2019,평택시,41220,모곡동,5,5,20250228
2016,평택시,41220,모곡동,1,1,20250228
2024,평택시,41220,비전동,354,307,20250228
2023,평택시,41220,비전동,393,347,20250228
2022,평택시,41220,비전동,409,355,20250228
2021,평택시,41220,비전동,712,617,20250228
2020,평택시,41220,비전동,336,294,20250228
2019,평택시,41220,비전동,1044,855,20250228
2018,평택시,41220,비전동,262,219,20250228
2017,평택시,41220,비전동,162,141,20250228
2016,평택시,41220,비전동,98,82,20250228
2015,평택시,41220,비전동,85,79,20250228
2014,평택시,41220,비전동,181,165,20250228
2024,평택시,41220,서정동,241,191,20250228
2023,평택시,41220,서정동,256,223,20250228
2022,평택시,41220,서정동,330,287,20250228
2021,평택시,41220,서정동,450,379,20250228
2020,평택시,41220,서정동,263,226,20250228
2019,평택시,41220,서정동,707,571,20250228
2018,평택시,41220,서정동,199,168,20250228
2017,평택시,41220,서정동,118,97,20250228
2016,평택시,41220,서정동,102,91,20250228
2015,평택시,41220,서정동,117,104,20250228
2014,평택시,41220,서정동,224,180,20250228
2024,평택시,41220,서탄면,29,27,20250228
2023,평택시,41220,서탄면,27,19,20250228
2022,평택시,41220,서탄면,29,25,20250228
2021,평택시,41220,서탄면,65,49,20250228
2020,평택시,41220,서탄면,22,17,20250228
2019,평택시,41220,서탄면,101,67,20250228
2018,평택시,41220,서탄면,30,22,20250228
2017,평택시,41220,서탄면,9,8,20250228
2016,평택시,41220,서탄면,13,12,20250228
2015,평택시,41220,서탄면,15,13,20250228
2014,평택시,41220,서탄면,23,16,20250228
2024,평택시,41220,세교동,158,138,20250228
2023,평택시,41220,세교동,154,133,20250228
2022,평택시,41220,세교동,189,173,20250228
2021,평택시,41220,세교동,261,218,20250228
2020,평택시,41220,세교동,121,110,20250228
2019,평택시,41220,세교동,453,376,20250228
2018,평택시,41220,세교동,95,81,20250228
2017,평택시,41220,세교동,54,47,20250228
2016,평택시,41220,세교동,44,40,20250228
2015,평택시,41220,세교동,54,52,20250228
2014,평택시,41220,세교동,95,77,20250228
2024,평택시,41220,소사동,85,76,20250228
2023,평택시,41220,소사동,110,98,20250228
2022,평택시,41220,소사동,114,104,20250228
2021,평택시,41220,소사동,154,135,20250228
2020,평택시,41220,소사동,69,63,20250228
2019,평택시,41220,소사동,188,146,20250228
2018,평택시,41220,소사동,45,30,20250228
2017,평택시,41220,소사동,22,18,20250228
2016,평택시,41220,소사동,11,10,20250228
2015,평택시,41220,소사동,14,10,20250228
2014,평택시,41220,소사동,29,25,20250228
2024,평택시,41220,신대동,11,8,20250228
2023,평택시,41220,신대동,12,10,20250228
2022,평택시,41220,신대동,10,7,20250228
2021,평택시,41220,신대동,15,10,20250228
2020,평택시,41220,신대동,4,3,20250228
2019,평택시,41220,신대동,22,14,20250228
2018,평택시,41220,신대동,6,6,20250228
2017,평택시,41220,신대동,3,3,20250228
2015,평택시,41220,신대동,2,2,20250228
2014,평택시,41220,신대동,4,2,20250228
2024,평택시,41220,신장동,152,124,20250228
2023,평택시,41220,신장동,181,155,20250228
2022,평택시,41220,신장동,186,157,20250228
2021,평택시,41220,신장동,295,235,20250228
2020,평택시,41220,신장동,140,117,20250228
2019,평택시,41220,신장동,335,268,20250228
2018,평택시,41220,신장동,109,90,20250228
2017,평택시,41220,신장동,53,48,20250228
2016,평택시,41220,신장동,51,41,20250228
2015,평택시,41220,신장동,67,49,20250228
2014,평택시,41220,신장동,125,92,20250228
2024,평택시,41220,안중읍,232,202,20250228
2023,평택시,41220,안중읍,279,246,20250228
2022,평택시,41220,안중읍,265,230,20250228
2021,평택시,41220,안중읍,504,421,20250228
2020,평택시,41220,안중읍,179,156,20250228
2019,평택시,41220,안중읍,849,646,20250228
2018,평택시,41220,안중읍,154,133,20250228
2017,평택시,41220,안중읍,71,60,20250228
2016,평택시,41220,안중읍,128,110,20250228
2015,평택시,41220,안중읍,56,46,20250228
2014,평택시,41220,안중읍,84,76,20250228
2024,평택시,41220,오성면,38,31,20250228
2023,평택시,41220,오성면,69,53,20250228
2022,평택시,41220,오성면,67,43,20250228
2021,평택시,41220,오성면,141,90,20250228
2020,평택시,41220,오성면,57,31,20250228
2019,평택시,41220,오성면,319,187,20250228
2018,평택시,41220,오성면,26,19,20250228
2017,평택시,41220,오성면,10,9,20250228
2016,평택시,41220,오성면,18,11,20250228
2015,평택시,41220,오성면,18,13,20250228
2014,평택시,41220,오성면,13,11,20250228
2024,평택시,41220,용이동,257,224,20250228
2023,평택시,41220,용이동,296,261,20250228
2022,평택시,41220,용이동,283,254,20250228
2021,평택시,41220,용이동,472,433,20250228
2020,평택시,41220,용이동,187,162,20250228
2019,평택시,41220,용이동,635,525,20250228
2018,평택시,41220,용이동,176,154,20250228
2017,평택시,41220,용이동,73,71,20250228
2016,평택시,41220,용이동,61,50,20250228
2015,평택시,41220,용이동,31,28,20250228
2014,평택시,41220,용이동,91,80,20250228
2024,평택시,41220,월곡동,2,2,20250228
2023,평택시,41220,월곡동,3,3,20250228
2022,평택시,41220,월곡동,14,9,20250228
2021,평택시,41220,월곡동,7,6,20250228
2020,평택시,41220,월곡동,2,2,20250228
2019,평택시,41220,월곡동,18,14,20250228
2018,평택시,41220,월곡동,2,2,20250228
2017,평택시,41220,월곡동,3,3,20250228
2014,평택시,41220,월곡동,5,2,20250228
2024,평택시,41220,유천동,4,4,20250228
2023,평택시,41220,유천동,2,2,20250228
2022,평택시,41220,유천동,9,9,20250228
2021,평택시,41220,유천동,7,7,20250228
2020,평택시,41220,유천동,2,2,20250228
2019,평택시,41220,유천동,16,15,20250228
2014,평택시,41220,유천동,1,1,20250228
2024,평택시,41220,이충동,92,83,20250228
2023,평택시,41220,이충동,122,104,20250228
2022,평택시,41220,이충동,151,139,20250228
2021,평택시,41220,이충동,253,214,20250228
2020,평택시,41220,이충동,123,98,20250228
2019,평택시,41220,이충동,433,345,20250228
2018,평택시,41220,이충동,95,90,20250228
2017,평택시,41220,이충동,56,49,20250228
2016,평택시,41220,이충동,42,41,20250228
2015,평택시,41220,이충동,44,41,20250228
2014,평택시,41220,이충동,117,104,20250228
2024,평택시,41220,장당동,46,40,20250228
2023,평택시,41220,장당동,63,47,20250228
2022,평택시,41220,장당동,74,63,20250228
2021,평택시,41220,장당동,112,94,20250228
2020,평택시,41220,장당동,37,34,20250228
2019,평택시,41220,장당동,131,113,20250228
2018,평택시,41220,장당동,23,22,20250228
2017,평택시,41220,장당동,17,17,20250228
2016,평택시,41220,장당동,18,17,20250228
2015,평택시,41220,장당동,16,16,20250228
2014,평택시,41220,장당동,37,34,20250228
2024,평택시,41220,장안동,17,16,20250228
2023,평택시,41220,장안동,43,35,20250228
2022,평택시,41220,장안동,50,48,20250228
2021,평택시,41220,장안동,77,63,20250228
2020,평택시,41220,장안동,30,28,20250228
2019,평택시,41220,장안동,119,96,20250228
2018,평택시,41220,장안동,32,26,20250228
2017,평택시,41220,장안동,14,13,20250228
2016,평택시,41220,장안동,20,17,20250228
2015,평택시,41220,장안동,17,16,20250228
2014,평택시,41220,장안동,20,18,20250228
2024,평택시,41220,죽백동,124,110,20250228
2023,평택시,41220,죽백동,122,108,20250228
2022,평택시,41220,죽백동,166,140,20250228
2021,평택시,41220,죽백동,253,225,20250228
2020,평택시,41220,죽백동,116,105,20250228
2019,평택시,41220,죽백동,299,245,20250228
2018,평택시,41220,죽백동,72,63,20250228
2017,평택시,41220,죽백동,27,27,20250228
2016,평택시,41220,죽백동,15,13,20250228
2015,평택시,41220,죽백동,18,14,20250228
2014,평택시,41220,죽백동,25,20,20250228
2024,평택시,41220,지산동,210,166,20250228
2023,평택시,41220,지산동,206,169,20250228
2022,평택시,41220,지산동,257,201,20250228
2021,평택시,41220,지산동,356,287,20250228
2020,평택시,41220,지산동,152,140,20250228
2019,평택시,41220,지산동,514,422,20250228
2018,평택시,41220,지산동,126,107,20250228
2017,평택시,41220,지산동,64,53,20250228
2016,평택시,41220,지산동,66,61,20250228
2015,평택시,41220,지산동,59,47,20250228
2014,평택시,41220,지산동,154,125,20250228
2024,평택시,41220,지제동,29,22,20250228
2023,평택시,41220,지제동,30,25,20250228
2022,평택시,41220,지제동,22,17,20250228
2021,평택시,41220,지제동,23,19,20250228
2020,평택시,41220,지제동,4,4,20250228
2019,평택시,41220,지제동,39,25,20250228
2018,평택시,41220,지제동,9,6,20250228
2017,평택시,41220,지제동,3,2,20250228
2016,평택시,41220,지제동,3,2,20250228
2014,평택시,41220,지제동,11,7,20250228
2024,평택시,41220,진위면,75,54,20250228
2023,평택시,41220,진위면,88,66,20250228
2022,평택시,41220,진위면,94,78,20250228
2021,평택시,41220,진위면,176,117,20250228
2020,평택시,41220,진위면,75,61,20250228
2019,평택시,41220,진위면,265,185,20250228
2018,평택시,41220,진위면,78,58,20250228
2017,평택시,41220,진위면,24,17,20250228
2016,평택시,41220,진위면,32,23,20250228
2015,평택시,41220,진위면,44,30,20250228
2014,평택시,41220,진위면,55,41,20250228
2024,평택시,41220,청룡동,2,2,20250228
2023,평택시,41220,청룡동,3,3,20250228
2022,평택시,41220,청룡동,10,3,20250228
2021,평택시,41220,청룡동,9,5,20250228
2020,평택시,41220,청룡동,5,4,20250228
2019,평택시,41220,청룡동,10,7,20250228
2014,평택시,41220,청룡동,2,2,20250228
2020,평택시,41220,청북면,1,1,20250228
2019,평택시,41220,청북면,14,10,20250228
2018,평택시,41220,청북면,2,1,20250228
2016,평택시,41220,청북면,9,9,20250228
2015,평택시,41220,청북면,18,17,20250228
2014,평택시,41220,청북면,37,34,20250228
2024,평택시,41220,청북읍,173,148,20250228
2023,평택시,41220,청북읍,211,177,20250228
2022,평택시,41220,청북읍,221,193,20250228
2021,평택시,41220,청북읍,417,338,20250228
2020,평택시,41220,청북읍,144,128,20250228
2019,평택시,41220,청북읍,618,416,20250228
2018,평택시,41220,청북읍,70,52,20250228
2017,평택시,41220,청북읍,61,56,20250228
2016,평택시,41220,청북읍,25,24,20250228
2015,평택시,41220,청북읍,15,14,20250228
2014,평택시,41220,청북읍,30,24,20250228
2024,평택시,41220,칠괴동,6,5,20250228
2023,평택시,41220,칠괴동,6,3,20250228
2022,평택시,41220,칠괴동,8,6,20250228
2021,평택시,41220,칠괴동,22,11,20250228
2020,평택시,41220,칠괴동,5,4,20250228
2019,평택시,41220,칠괴동,22,17,20250228
2018,평택시,41220,칠괴동,4,4,20250228
2017,평택시,41220,칠괴동,3,3,20250228
2016,평택시,41220,칠괴동,5,4,20250228
2015,평택시,41220,칠괴동,3,3,20250228
2014,평택시,41220,칠괴동,6,6,20250228
2024,평택시,41220,칠원동,98,86,20250228
2023,평택시,41220,칠원동,88,80,20250228
2022,평택시,41220,칠원동,104,92,20250228
2021,평택시,41220,칠원동,128,109,20250228
2020,평택시,41220,칠원동,91,78,20250228
2019,평택시,41220,칠원동,131,104,20250228
2018,평택시,41220,칠원동,24,22,20250228
2017,평택시,41220,칠원동,19,17,20250228
2016,평택시,41220,칠원동,14,14,20250228
2015,평택시,41220,칠원동,16,14,20250228
2014,평택시,41220,칠원동,14,13,20250228
2024,평택시,41220,통복동,64,59,20250228
2023,평택시,41220,통복동,77,67,20250228
2022,평택시,41220,통복동,78,68,20250228
2021,평택시,41220,통복동,110,91,20250228
2020,평택시,41220,통복동,41,39,20250228
2019,평택시,41220,통복동,141,111,20250228
2018,평택시,41220,통복동,44,33,20250228
2017,평택시,41220,통복동,31,29,20250228
2016,평택시,41220,통복동,11,11,20250228
2015,평택시,41220,통복동,23,22,20250228
2014,평택시,41220,통복동,40,35,20250228
2024,평택시,41220,팽성읍,336,262,20250228
2023,평택시,41220,팽성읍,343,268,20250228
2022,평택시,41220,팽성읍,370,281,20250228
2021,평택시,41220,팽성읍,534,405,20250228
2020,평택시,41220,팽성읍,258,185,20250228
2019,평택시,41220,팽성읍,642,454,20250228
2018,평택시,41220,팽성읍,218,138,20250228
2017,평택시,41220,팽성읍,73,60,20250228
2016,평택시,41220,팽성읍,45,39,20250228
2015,평택시,41220,팽성읍,61,55,20250228
2014,평택시,41220,팽성읍,114,91,20250228
2024,평택시,41220,평택동,47,40,20250228
2023,평택시,41220,평택동,38,35,20250228
2022,평택시,41220,평택동,41,37,20250228
2021,평택시,41220,평택동,73,65,20250228
2020,평택시,41220,평택동,51,41,20250228
2019,평택시,41220,평택동,104,80,20250228
2018,평택시,41220,평택동,41,36,20250228
2017,평택시,41220,평택동,23,22,20250228
2016,평택시,41220,평택동,18,17,20250228
2015,평택시,41220,평택동,14,13,20250228
2014,평택시,41220,평택동,29,27,20250228
2024,평택시,41220,포승읍,128,113,20250228
2023,평택시,41220,포승읍,194,170,20250228
2022,평택시,41220,포승읍,201,175,20250228
2021,평택시,41220,포승읍,289,242,20250228
2020,평택시,41220,포승읍,148,118,20250228
2019,평택시,41220,포승읍,450,341,20250228
2018,평택시,41220,포승읍,103,82,20250228
2017,평택시,41220,포승읍,62,53,20250228
2016,평택시,41220,포승읍,54,47,20250228
2015,평택시,41220,포승읍,38,37,20250228
2014,평택시,41220,포승읍,79,70,20250228
2024,평택시,41220,합정동,117,100,20250228
2023,평택시,41220,합정동,122,101,20250228
2022,평택시,41220,합정동,153,128,20250228
2021,평택시,41220,합정동,254,193,20250228
2020,평택시,41220,합정동,117,92,20250228
2019,평택시,41220,합정동,375,301,20250228
2018,평택시,41220,합정동,88,77,20250228
2017,평택시,41220,합정동,72,58,20250228
2016,평택시,41220,합정동,51,44,20250228
2015,평택시,41220,합정동,42,39,20250228
2014,평택시,41220,합정동,94,79,20250228
2024,평택시,41220,현덕면,29,23,20250228
2023,평택시,41220,현덕면,28,24,20250228
2022,평택시,41220,현덕면,31,27,20250228
2021,평택시,41220,현덕면,109,70,20250228
2020,평택시,41220,현덕면,46,37,20250228
2019,평택시,41220,현덕면,115,66,20250228
2018,평택시,41220,현덕면,22,14,20250228
2017,평택시,41220,현덕면,5,4,20250228
2016,평택시,41220,현덕면,10,9,20250228
2015,평택시,41220,현덕면,10,9,20250228
2014,평택시,41220,현덕면,5,5,20250228
2023,포천시,41650,가산면,781,343,20250526
2022,포천시,41650,가산면,731,316,20250526
2021,포천시,41650,가산면,563,221,20250526
2020,포천시,41650,가산면,560,219,20250526
2024,포천시,41650,관인면,214,134,20250526
2023,포천시,41650,관인면,188,125,20250526
2022,포천시,41650,관인면,177,116,20250526
2021,포천시,41650,관인면,136,90,20250526
2020,포천시,41650,관인면,136,90,20250526
2024,포천시,41650,군내면,1054,506,20250526
2023,포천시,41650,군내면,984,464,20250526
2022,포천시,41650,군내면,925,438,20250526
2021,포천시,41650,군내면,725,350,20250526
2020,포천시,41650,군내면,724,349,20250526
2024,포천시,41650,내촌면,422,229,20250526
2023,포천시,41650,내촌면,391,210,20250526
2022,포천시,41650,내촌면,371,193,20250526
2021,포천시,41650,내촌면,252,128,20250526
2020,포천시,41650,내촌면,251,128,20250526
2024,포천시,41650,동교동,108,66,20250526
2023,포천시,41650,동교동,110,66,20250526
2022,포천시,41650,동교동,103,60,20250526
2021,포천시,41650,동교동,83,46,20250526
2020,포천시,41650,동교동,83,46,20250526
2024,포천시,41650,선단동,1326,803,20250526
2023,포천시,41650,선단동,1241,751,20250526
2022,포천시,41650,선단동,1150,701,20250526
2021,포천시,41650,선단동,859,514,20250526
2020,포천시,41650,선단동,854,509,20250526
2024,포천시,41650,설운동,137,75,20250526
2023,포천시,41650,설운동,129,72,20250526
2022,포천시,41650,설운동,112,63,20250526
2021,포천시,41650,설운동,67,38,20250526
2020,포천시,41650,설운동,67,38,20250526
2024,포천시,41650,소흘읍,5292,2618,20250526
2023,포천시,41650,소흘읍,5003,2437,20250526
2022,포천시,41650,소흘읍,4723,2268,20250526
2021,포천시,41650,소흘읍,3737,1622,20250526
2020,포천시,41650,소흘읍,3726,1613,20250526
2024,포천시,41650,신북면,1378,783,20250526
2023,포천시,41650,신북면,1288,740,20250526
2022,포천시,41650,신북면,1170,670,20250526
2021,포천시,41650,신북면,922,520,20250526
2020,포천시,41650,신북면,920,518,20250526
2024,포천시,41650,신읍동,1742,1116,20250526
2023,포천시,41650,신읍동,1672,1076,20250526
2022,포천시,41650,신읍동,1585,1018,20250526
2021,포천시,41650,신읍동,1264,819,20250526
2020,포천시,41650,신읍동,1258,816,20250526
2024,포천시,41650,어룡동,352,197,20250526
2023,포천시,41650,어룡동,301,163,20250526
2022,포천시,41650,어룡동,267,140,20250526
2021,포천시,41650,어룡동,201,99,20250526
2020,포천시,41650,어룡동,200,98,20250526
2024,포천시,41650,영북면,650,445,20250526
2023,포천시,41650,영북면,614,420,20250526
2022,포천시,41650,영북면,569,387,20250526
2021,포천시,41650,영북면,419,283,20250526
2020,포천시,41650,영북면,419,283,20250526
2024,포천시,41650,영중면,675,264,20250526
2023,포천시,41650,영중면,656,254,20250526
2022,포천시,41650,영중면,623,237,20250526
2021,포천시,41650,영중면,482,158,20250526
2020,포천시,41650,영중면,482,158,20250526
2024,포천시,41650,이동면,535,309,20250526
2023,포천시,41650,이동면,501,293,20250526
2022,포천시,41650,이동면,459,270,20250526
2021,포천시,41650,이동면,339,191,20250526
2020,포천시,41650,이동면,336,189,20250526
2024,포천시,41650,일동면,868,484,20250526
2023,포천시,41650,일동면,798,448,20250526
2022,포천시,41650,일동면,713,414,20250526
2021,포천시,41650,일동면,526,291,20250526
2020,포천시,41650,일동면,523,288,20250526
2024,포천시,41650,자작동,91,51,20250526
2023,포천시,41650,자작동,77,43,20250526
2022,포천시,41650,자작동,72,39,20250526
2021,포천시,41650,자작동,61,31,20250526
2020,포천시,41650,자작동,61,31,20250526
2024,포천시,41650,창수면,215,92,20250526
2023,포천시,41650,창수면,188,75,20250526
2022,포천시,41650,창수면,172,67,20250526
2021,포천시,41650,창수면,123,49,20250526
2020,포천시,41650,창수면,122,49,20250526
2024,포천시,41650,화현면,229,136,20250526
2023,포천시,41650,화현면,217,133,20250526
2022,포천시,41650,화현면,201,125,20250526
2021,포천시,41650,화현면,151,88,20250526
2020,포천시,41650,화현면,149,88,20250526
2024,하남시,41450,감북동,13,12,20250407
2023,하남시,41450,감북동,9,9,20250407
2022,하남시,41450,감북동,15,11,20250407
2021,하남시,41450,감북동,29,19,20250407
2020,하남시,41450,감북동,15,11,20250407
2024,하남시,41450,감이동,127,112,20250407
2023,하남시,41450,감이동,67,59,20250407
2022,하남시,41450,감이동,108,93,20250407
2021,하남시,41450,감이동,134,121,20250407
2020,하남시,41450,감이동,56,47,20250407
2024,하남시,41450,감일동,58,49,20250407
2023,하남시,41450,감일동,43,36,20250407
2022,하남시,41450,감일동,68,57,20250407
2021,하남시,41450,감일동,106,93,20250407
2020,하남시,41450,감일동,41,26,20250407
2024,하남시,41450,광암동,2,2,20250407
2023,하남시,41450,광암동,4,4,20250407
2022,하남시,41450,광암동,2,2,20250407
2021,하남시,41450,광암동,6,5,20250407
2020,하남시,41450,광암동,12,6,20250407
2024,하남시,41450,교산동,3,1,20250407
2023,하남시,41450,교산동,2,2,20250407
2022,하남시,41450,교산동,7,6,20250407
2021,하남시,41450,교산동,10,8,20250407
2020,하남시,41450,교산동,15,7,20250407
2024,하남시,41450,덕풍동,317,277,20250407
2023,하남시,41450,덕풍동,185,169,20250407
2022,하남시,41450,덕풍동,312,288,20250407
2021,하남시,41450,덕풍동,662,580,20250407
2020,하남시,41450,덕풍동,380,332,20250407
2024,하남시,41450,망월동,541,459,20250407
2023,하남시,41450,망월동,356,327,20250407
2022,하남시,41450,망월동,757,675,20250407
2021,하남시,41450,망월동,1086,965,20250407
2020,하남시,41450,망월동,509,452,20250407
2024,하남시,41450,미사동,7,6,20250407
2023,하남시,41450,미사동,2,2,20250407
2022,하남시,41450,미사동,5,5,20250407
2021,하남시,41450,미사동,18,15,20250407
2020,하남시,41450,미사동,17,9,20250407
2024,하남시,41450,배알미동,2,2,20250407
2021,하남시,41450,배알미동,1,1,20250407
2020,하남시,41450,배알미동,1,1,20250407
2024,하남시,41450,상사창동,4,2,20250407
2023,하남시,41450,상사창동,6,5,20250407
2022,하남시,41450,상사창동,7,6,20250407
2021,하남시,41450,상사창동,5,5,20250407
2020,하남시,41450,상사창동,21,8,20250407
2024,하남시,41450,상산곡동,6,6,20250407
2023,하남시,41450,상산곡동,5,5,20250407
2022,하남시,41450,상산곡동,7,6,20250407
2021,하남시,41450,상산곡동,25,22,20250407
2020,하남시,41450,상산곡동,10,8,20250407
2024,하남시,41450,선동,92,84,20250407
2023,하남시,41450,선동,79,72,20250407
2022,하남시,41450,선동,105,102,20250407
2021,하남시,41450,선동,207,195,20250407
2020,하남시,41450,선동,118,111,20250407
2024,하남시,41450,신장동,204,176,20250407
2023,하남시,41450,신장동,126,111,20250407
2022,하남시,41450,신장동,190,174,20250407
2021,하남시,41450,신장동,405,342,20250407
2020,하남시,41450,신장동,242,208,20250407
2024,하남시,41450,창우동,71,62,20250407
2023,하남시,41450,창우동,39,36,20250407
2022,하남시,41450,창우동,58,52,20250407
2021,하남시,41450,창우동,113,101,20250407
2020,하남시,41450,창우동,79,68,20250407
2024,하남시,41450,천현동,13,10,20250407
2023,하남시,41450,천현동,18,6,20250407
2022,하남시,41450,천현동,20,18,20250407
2021,하남시,41450,천현동,40,25,20250407
2020,하남시,41450,천현동,27,19,20250407
2024,하남시,41450,초이동,12,10,20250407
2023,하남시,41450,초이동,3,2,20250407
2022,하남시,41450,초이동,6,6,20250407
2021,하남시,41450,초이동,50,30,20250407
2020,하남시,41450,초이동,15,11,20250407
2024,하남시,41450,초일동,7,7,20250407
2023,하남시,41450,초일동,4,3,20250407
2022,하남시,41450,초일동,6,6,20250407
2021,하남시,41450,초일동,17,13,20250407
2020,하남시,41450,초일동,12,6,20250407
2024,하남시,41450,춘궁동,4,4,20250407
2022,하남시,41450,춘궁동,8,7,20250407
2021,하남시,41450,춘궁동,32,18,20250407
2020,하남시,41450,춘궁동,28,16,20250407
2024,하남시,41450,풍산동,219,142,20250407
2023,하남시,41450,풍산동,111,99,20250407
2022,하남시,41450,풍산동,229,208,20250407
2021,하남시,41450,풍산동,345,307,20250407
2020,하남시,41450,풍산동,164,154,20250407
2024,하남시,41450,하사창동,4,3,20250407
2023,하남시,41450,하사창동,1,1,20250407
2022,하남시,41450,하사창동,2,2,20250407
2021,하남시,41450,하사창동,30,6,20250407
2024,하남시,41450,하산곡동,40,10,20250407
2023,하남시,41450,하산곡동,4,3,20250407
2022,하남시,41450,하산곡동,13,11,20250407
2021,하남시,41450,하산곡동,40,26,20250407
2020,하남시,41450,하산곡동,13,10,20250407
2024,하남시,41450,학암동,132,111,20250407
2023,하남시,41450,학암동,105,100,20250407
2022,하남시,41450,학암동,181,164,20250407
2021,하남시,41450,학암동,216,188,20250407
2020,하남시,41450,학암동,140,120,20250407
2024,하남시,41450,항동,1,1,20250407
2023,하남시,41450,항동,0,0,20250407
2022,하남시,41450,항동,4,4,20250407
2021,하남시,41450,항동,10,9,20250407
2020,하남시,41450,항동,2,2,20250407
2026,화성시,41590,금곡동,66,41,20260201
2026,화성시,41590,기산동,1040,800,20260201
2026,화성시,41590,기안동,1220,947,20260201
2026,화성시,41590,남양동,76,61,20260201
2026,화성시,41590,남양읍,3833,2695,20260201
2026,화성시,41590,능동,3293,2606,20260201
2026,화성시,41590,동탄면,90,71,20260201
2026,화성시,41590,마도면,786,422,20260201
2026,화성시,41590,매송면,510,343,20260201
2026,화성시,41590,목동,1854,1448,20260201
2026,화성시,41590,무송동,2,2,20260201
2026,화성시,41590,문호동,1,1,20260201
2026,화성시,41590,반송동,4983,3945,20260201
2026,화성시,41590,반월동,1923,1543,20260201
2026,화성시,41590,반정동,157,119,20260201
2026,화성시,41590,방교동,185,124,20260201
2026,화성시,41590,배양동,52,39,20260201
2026,화성시,41590,병점동,3672,2922,20260201
2026,화성시,41590,봉담읍,7196,5377,20260201
2026,화성시,41590,북양동,6,3,20260201
2026,화성시,41590,비봉면,837,508,20260201
2026,화성시,41590,산척동,2618,1995,20260201
2026,화성시,41590,새솔동,1561,1191,20260201
2026,화성시,41590,서신면,694,396,20260201
2026,화성시,41590,석우동,920,773,20260201
2026,화성시,41590,송동,714,566,20260201
2026,화성시,41590,송림동,10,2,20260201
2026,화성시,41590,송산동,757,546,20260201
2026,화성시,41590,송산면,947,582,20260201
2026,화성시,41590,수화동,2,1,20260201
2026,화성시,41590,신남동,9,8,20260201
2026,화성시,41590,신동,596,432,20260201
2026,화성시,41590,신외동,1,1,20260201
2026,화성시,41590,안녕동,1321,882,20260201
2026,화성시,41590,안석동,2,2,20260201
2026,화성시,41590,양감면,446,218,20260201
2026,화성시,41590,영천동,3393,2181,20260201
2026,화성시,41590,오산동,2182,1690,20260201
2026,화성시,41590,우정읍,1656,1065,20260201
2026,화성시,41590,원천동,1,1,20260201
2026,화성시,41590,장덕동,4,3,20260201
2026,화성시,41590,장안면,1170,676,20260201
2026,화성시,41590,장전동,2,1,20260201
2026,화성시,41590,장지동,1917,1465,20260201
2026,화성시,41590,정남면,1003,652,20260201
2026,화성시,41590,중동,48,14,20260201
2026,화성시,41590,진안동,1999,1468,20260201
2026,화성시,41590,청계동,2787,2287,20260201
2026,화성시,41590,팔탄면,1032,573,20260201
2026,화성시,41590,향남읍,6680,4877,20260201
2026,화성시,41590,활초동,13,9,20260201
2026,화성시,41590,황계동,48,28,20260201
